{
    "dataname":"1500points_1mu",
    "expname":"At1",
    "bw":100,
    "dw":100,
    "mu":1.0,
    "out_iter":50,
    "inner_iter":[
        400,
        400,
        400
    ],
    "stepsize":1,
    "decay_rate":1.0,
    "timelist":[
        20.210948705673218,
        40.86141490936279,
        61.58321571350098,
        81.35331392288208,
        101.15846586227417,
        121.302809715271,
        141.12480783462524,
        160.92836093902588,
        181.14466190338135,
        201.10611510276794,
        221.05510187149048,
        240.93098998069763,
        260.76784205436707,
        280.59019589424133,
        300.4731068611145,
        320.10836601257324,
        339.8328549861908,
        359.64647912979126,
        379.4370799064636,
        399.2935848236084,
        418.97261214256287,
        438.649799823761,
        458.2477970123291,
        477.9368648529053,
        497.85429406166077,
        517.5747668743134,
        537.385990858078,
        557.1586260795593,
        576.9692668914795,
        596.7599809169769,
        616.4985039234161,
        636.1408817768097,
        655.7423059940338,
        675.4037597179413,
        695.4617028236389,
        715.326367855072,
        735.0535109043121,
        754.7086877822876,
        774.7619159221649,
        794.4546098709106,
        814.0017850399017,
        834.5117917060852,
        853.5825278759003,
        874.2781670093536,
        893.8359260559082,
        913.2749297618866,
        933.9916849136353,
        954.5107808113098,
        974.8386459350586,
        997.0573318004608
    ],
    "vylist":[
        0.031186611498949714,
        0.02191112254917381,
        0.0196562390989003,
        0.016209711423983156,
        0.013849354073206336,
        0.012021271777983292,
        0.00926560446664571,
        0.00801692160227707,
        0.00658847484515789,
        0.005823138624552364,
        0.004662629814520274,
        0.004140603662460293,
        0.0033894298033847925,
        0.0030945344627879468,
        0.002634353294456431,
        0.0024798297951767892,
        0.0021441147292099736,
        0.0020488361468688873,
        0.0018485037767867593,
        0.0017654716544235147,
        0.001635681353643878,
        0.0015291213907158243,
        0.0014875262377640544,
        0.0013582127333742833,
        0.001344623006083367,
        0.0011923818156075678,
        0.0011793987963393138,
        0.0011008215864923968,
        0.0010368935332301839,
        0.0009857375249022547,
        0.0009517871715624791,
        0.0008540548304656179,
        0.0008500156211465904,
        0.00081997484009875,
        0.0007798664109509273,
        0.0007428209027972157,
        0.0007329935371851271,
        0.0006976204892332695,
        0.000643011893617352,
        0.0006488811547575023,
        0.0006290301769848904,
        0.0006199982593810855,
        0.0006028564411435103,
        0.0005996633684998631,
        0.0005865779197383472,
        0.000590543506158196,
        0.0005663365598958872,
        0.0005675966880638286,
        0.0005410173267623331,
        0.0005410230197753731
    ],
    "vulist":[
        0.046728138944872585,
        0.02757795552821563,
        0.01892562983031257,
        0.01623183280309664,
        0.014671271708169122,
        0.012901468300050336,
        0.012197420961912883,
        0.011605997226657101,
        0.01113487046727433,
        0.011006490690169745,
        0.009864170060568573,
        0.009582649411372858,
        0.009388418845036205,
        0.009396551992969328,
        0.009296013656164743,
        0.009307514282594477,
        0.009287012402358725,
        0.009285099572112404,
        0.009266957844914457,
        0.009258184759807294,
        0.009261201456588044,
        0.00924819582649562,
        0.009246194676291867,
        0.009244091153700928,
        0.00924009611459882,
        0.009241385820653102,
        0.009239732668213084,
        0.009238034374065632,
        0.009237200738260417,
        0.009237164049736402,
        0.009238684445951053,
        0.009236304752487948,
        0.009236155350077088,
        0.009230568002835901,
        0.009229858787038829,
        0.009229845086971776,
        0.009229501798878409,
        0.00922962474575304,
        0.00922916647550783,
        0.009228870743364849,
        0.009228930216625693,
        0.009228725077399188,
        0.009232887893349528,
        0.009228882063450197,
        0.009226858154780262,
        0.009228127690465757,
        0.009228262415092763,
        0.009228206073695332,
        0.00922821006530323,
        0.009228202370991607
    ],
    "walltime":997.0765829086304,
    "endouteriter":49,
    "lastvy":0.0005410230197753731,
    "lastvu":0.009228202370991607,
    "bestValidation_y":0.0005410173267623331,
    "bestValidation_u":0.009226858154780262
}