{
    "dataname":"1500points_1mu",
    "expname":"At_testnewpde",
    "bw":100,
    "dw":100,
    "mu":1.0,
    "out_iter":50,
    "inner_iter":[
        400,
        400,
        400
    ],
    "stepsize":1,
    "decay_rate":1.0,
    "timelist":[
        28.497454166412354,
        56.45644426345825,
        84.77195715904236,
        114.35003614425659,
        143.6878411769867,
        172.24420714378357
    ],
    "vylist":[
        0.03776431294853189,
        0.02078043510943846,
        0.014719607166257274,
        0.012541030981550582,
        0.00991286184741376,
        0.008069915536465617
    ],
    "vulist":[
        0.04912025318199754,
        0.02657323094303395,
        0.017117106784775304,
        0.014190870426467606,
        0.012024096565332352,
        0.011548463954485406
    ],
    "walltime":172.24420714378357,
    "endouteriter":5,
    "lastvy":0.008069915536465617,
    "lastvu":0.011548463954485406
}