{
    "dataname":"1500points_1mu",
    "expname":"At_testnewpde_original",
    "bw":100,
    "dw":100,
    "mu":1.0,
    "out_iter":50,
    "inner_iter":[
        400,
        400,
        400
    ],
    "stepsize":1,
    "decay_rate":1.0,
    "timelist":[
        21.204679012298584,
        41.44357109069824,
        61.61373591423035,
        81.9675509929657,
        102.30333805084229,
        122.63135695457458
    ],
    "vylist":[
        0.03402335317522208,
        0.019306138371958385,
        0.013731325114830682,
        0.010522932590012506,
        0.00715239714231406,
        0.0057789792591218
    ],
    "vulist":[
        0.046217642356196124,
        0.025539349213310785,
        0.017730096502749208,
        0.015192400327747007,
        0.012265052151944197,
        0.011242666134230446
    ],
    "walltime":122.63135695457458,
    "endouteriter":5,
    "lastvy":0.0057789792591218,
    "lastvu":0.011242666134230446
}