{
    "dataname":"500points",
    "expname":"ABt1m1",
    "bw":100,
    "out_iter":30,
    "inner_iter":[
        400,
        400,
        400
    ],
    "stepsize":1.0,
    "decay_rate":1.0,
    "memory":1,
    "timelist":[
        4.834624767303467,
        10.002189874649048,
        15.078770875930786,
        20.217577934265137,
        25.1606867313385,
        30.072022676467896,
        35.190953969955444,
        40.29036498069763,
        45.6501739025116,
        51.192991971969604,
        56.80925178527832,
        62.216941833496094,
        67.58136487007141,
        72.95798087120056,
        78.48830795288086,
        83.89139580726624,
        88.91895508766174,
        94.2047119140625,
        99.49057388305664,
        105.01828193664551,
        110.32595586776733,
        115.39987373352051,
        120.50223278999329,
        125.80220484733582,
        130.9709289073944,
        136.2697298526764,
        141.6271848678589,
        146.90956091880798,
        152.18184089660645,
        157.54341673851013
    ],
    "vylist":[
        0.031523704297145294,
        0.030610911288729083,
        0.011011210601577899,
        0.003333097656247851,
        0.0017752855294751071,
        0.000947176047868001,
        0.0006151821067985227,
        0.0015553773658564306,
        0.00041388919197280107,
        0.000280884667182496,
        0.00033908993526908044,
        0.0001594676120581013,
        0.0001574212076314362,
        0.0006733641836616359,
        0.00019443239134817977,
        9.897438709595467e-05,
        0.00012020266689498314,
        0.0005711740695839984,
        0.00011406510845027915,
        0.00010573751607450375,
        8.71238515709806e-05,
        0.0016659035479688056,
        0.00011651523545599679,
        8.765413409787135e-05,
        0.0005357629080707827,
        9.605230072601232e-05,
        8.810152353240427e-05,
        0.0004551344573695332,
        0.0002926287685330347,
        0.00021735744473449207
    ],
    "vulist":[
        1.1539387719305205,
        0.6817346134960561,
        0.380000738400997,
        0.3093724287020112,
        0.23049180438619524,
        0.14691043232193526,
        0.10137303353232607,
        0.08259103588989865,
        0.07549523940180608,
        0.06293994182138246,
        0.05980490553150124,
        0.05501851721445926,
        0.03916903614337017,
        0.032022822717974096,
        0.031901168574513875,
        0.03198745081532063,
        0.04579208892023622,
        0.03076324328352745,
        0.030287433117225496,
        0.030250502448010076,
        0.07924188261404752,
        0.029928580201110843,
        0.029962090606448756,
        0.034594857113533335,
        0.027531130240969252,
        0.02645052137911953,
        0.04756818317846421,
        0.03669762340769236,
        0.030059211081464993,
        0.031693081403595114
    ],
    "curvcon":[
        0.00016440077594609488,
        0.042854515270792516,
        0.0027713366557424795,
        0.0001191327283413277,
        6.71995394064133e-05,
        2.929614364358385e-05,
        0.00014943097461445504,
        5.141777934408613e-05,
        1.5569523030055675e-06,
        9.608515487873213e-06,
        3.7184287874580743e-06,
        6.010015551263173e-08,
        1.7104595528459944e-05,
        6.352549620451283e-06,
        4.555563056509765e-07,
        1.3411395094382605e-08,
        8.760872200119426e-06,
        8.039276428503814e-06,
        4.231616410813929e-07,
        1.4692208709119283e-08,
        7.956194942269361e-05,
        7.162200707170174e-05,
        2.2900826429396608e-08,
        7.4363279433185866e-06,
        8.529291909086446e-06,
        1.908323025205295e-08,
        9.632765141227898e-06,
        1.1997485816472315e-06,
        5.240333492402999e-07
    ],
    "walltime":157.54341673851013,
    "endouteriter":29,
    "lastvy":0.00021735744473449207,
    "lastvu":0.031693081403595114
}