{
    "dataname":"500points",
    "expname":"ABt2",
    "bw":100,
    "out_iter":30,
    "inner_iter":[
        400,
        400,
        400
    ],
    "stepsize":1.0,
    "decay_rate":1.0,
    "memory":1,
    "timelist":[
        5.0517659187316895,
        9.988075017929077,
        14.967748880386353,
        19.92165970802307,
        24.929245948791504,
        29.848440885543823,
        34.82245707511902,
        39.665605783462524,
        44.493499755859375,
        49.51618981361389,
        54.70841598510742,
        59.81277799606323,
        65.05607485771179,
        70.0527548789978,
        75.44583177566528,
        80.6147928237915,
        85.57865071296692,
        90.74876999855042,
        96.25146698951721,
        101.52437496185303,
        106.81274700164795,
        112.27412390708923,
        117.71697092056274,
        123.09431290626526,
        128.31419682502747,
        133.43628692626953,
        138.84471487998962,
        144.13554668426514,
        149.15178680419922,
        154.47707104682922
    ],
    "vylist":[
        0.01267370003651301,
        0.012111003491526764,
        0.03246122292152595,
        0.0014836573630236372,
        0.001264598764911832,
        0.001209163986173773,
        0.0010532171969927305,
        0.0025793793274872267,
        0.00046396613050018754,
        0.00031836539381247,
        0.0002822361684508642,
        0.0001972363501482426,
        0.0001675540974637668,
        0.00018614519108829254,
        0.00012228821556660145,
        0.00012251616661243192,
        0.0006213768153646964,
        0.00011608475241713075,
        0.00012026055958113164,
        0.0001172865322144865,
        0.0006351226217412084,
        0.00012948294110638137,
        0.00011459486110375707,
        9.588703054781243e-05,
        0.0003373341947392041,
        9.405995489838661e-05,
        9.504500303060227e-05,
        0.0009981433295335157,
        0.00012594090590146577,
        8.86841294214e-05
    ],
    "vulist":[
        0.5220604623342391,
        1.0850707546259786,
        0.3044219969271844,
        0.27986653520166704,
        0.2274329762170511,
        0.12734794042506412,
        0.09279460265769976,
        0.05551133963504435,
        0.04665017979812919,
        0.03297012819938922,
        0.0285798968014432,
        0.02466091781697815,
        0.021401806897997158,
        0.02071368150799535,
        0.020205071032611058,
        0.022306505564363352,
        0.01464776070480254,
        0.014401435577321164,
        0.014309870587894182,
        0.02097109511500147,
        0.011638533726140836,
        0.011253318361384266,
        0.010961112730991087,
        0.015549510383840818,
        0.009784366906753102,
        0.009658284745625446,
        0.026881270268373395,
        0.009196482075225661,
        0.009186264683701904,
        0.036679422496385936
    ],
    "curvcon":[
        4.8567702150530804e-05,
        0.06870637722534031,
        0.03645952282048147,
        2.6316629003976563e-05,
        2.6241348751649435e-05,
        5.305112228709531e-05,
        0.00041301539090186717,
        0.00020233453165279024,
        2.0871022967491356e-06,
        6.371712777370182e-06,
        1.215634959901006e-06,
        5.609324530664957e-07,
        1.2250877020255023e-06,
        4.121754448866969e-07,
        9.083205206852427e-09,
        1.304049781722346e-05,
        9.122324829511898e-06,
        1.626164666706462e-07,
        1.0158126706045011e-08,
        1.2344092811202357e-05,
        8.503797391711555e-06,
        6.706767889197429e-07,
        2.382644747697213e-09,
        4.1273085680460684e-06,
        2.6747163024087523e-06,
        6.429047540711394e-09,
        2.947511860013259e-05,
        2.4242253585028324e-05,
        1.3534721107737637e-08
    ],
    "walltime":154.47707104682922,
    "endouteriter":29,
    "lastvy":8.86841294214e-05,
    "lastvu":0.036679422496385936
}