{
    "dataname":"500points",
    "expname":"ABt1m2",
    "bw":100,
    "out_iter":30,
    "inner_iter":[
        400,
        400,
        400
    ],
    "stepsize":1.0,
    "decay_rate":1.0,
    "memory":2,
    "timelist":[
        2.956477165222168,
        5.783535003662109,
        8.7018301486969,
        11.482414960861206,
        14.28721809387207,
        17.062342166900635,
        19.90642023086548,
        22.72952699661255,
        25.567848205566406,
        28.332455158233643,
        31.099124908447266,
        34.02550220489502,
        36.970473289489746,
        39.843303203582764,
        42.72690010070801,
        45.580533027648926,
        48.57098412513733,
        51.43597197532654,
        54.52218222618103,
        57.30611300468445,
        60.184463024139404,
        62.984295129776,
        65.84934401512146,
        68.57717227935791,
        71.07574701309204,
        73.54770088195801,
        76.02861213684082,
        78.58839106559753,
        81.0439841747284,
        83.49731802940369
    ],
    "vylist":[
        0.14753935451900105,
        0.14976852420680076,
        0.37372436966779565,
        0.005422555575707141,
        0.001023328765510412,
        0.0009129687066568191,
        0.0007387834550377399,
        0.0005217574921655645,
        0.00034144243139802826,
        0.0003097316675188783,
        0.00024154624402528702,
        0.00022218111735908714,
        0.00021389541037305078,
        0.00019847305034781425,
        0.0005896074791020261,
        0.00026896009730967193,
        0.00019985913576822285,
        0.00016163414605972016,
        0.00014919195405275413,
        0.0001423389135910645,
        0.00013775918622015496,
        0.0001373265275197709,
        0.00013763862190908934,
        0.0001361214503948489,
        0.00013614313560230526,
        0.00013614637062253523,
        0.00013612384710590358,
        0.00013612470431172502,
        0.00013612062360667633,
        0.00013610734420916817
    ],
    "vulist":[
        0.9909761907195738,
        1.7859940601594668,
        0.04776954961466346,
        0.01900480975772265,
        0.013330916462533133,
        0.011747657602946375,
        0.008252811304916273,
        0.006679641856521161,
        0.004792338392635868,
        0.003865774502404274,
        0.002652503680078387,
        0.0030615071190444646,
        0.0030289499262125727,
        0.009661742156805068,
        0.003653753358846983,
        0.0022554482612727167,
        0.002017000341694911,
        0.0020018667368802445,
        0.0019631136216207304,
        0.0019513463316963694,
        0.0019244793519882903,
        0.0019144369962836006,
        0.0019180242064869872,
        0.0019179224817092904,
        0.0019178787087842859,
        0.0019179800019611974,
        0.0019179878095190444,
        0.0019180720224040379,
        0.0019179732469769002,
        0.0019180806422175829
    ],
    "curvcon":[
        6.856854102948511e-05,
        9.661057002559264,
        3.7827835505515233,
        0.004002982884962886,
        0.00018341934537974435,
        0.00020122409535291313,
        3.8556936932453e-05,
        0.00011437889396064881,
        2.1595041681171707e-05,
        3.0448698302799705e-06,
        4.815075584505715e-06,
        1.1080460806549836e-06,
        9.563199507108191e-08,
        0.0001409491861663662,
        0.00012728652297103554,
        6.059613847877322e-06,
        4.04708343554388e-07,
        2.7098212955207684e-08,
        7.058652620760033e-08,
        3.070521722564703e-08,
        2.1305754003292202e-08,
        6.469063458533907e-09,
        3.2423115279093045e-09,
        3.688736246443435e-12,
        1.4492554493998033e-12,
        1.0589624669835257e-12,
        2.7098022498936777e-13,
        3.499471062178378e-13,
        9.607800668626401e-13
    ],
    "walltime":83.49799704551697,
    "endouteriter":29,
    "lastvy":0.00013610734420916817,
    "lastvu":0.0019180806422175829
}