{
    "dataname":"500points",
    "expname":"ABt1m2",
    "bw":100,
    "out_iter":30,
    "inner_iter":[
        400,
        400,
        400
    ],
    "stepsize":1.0,
    "decay_rate":1.0,
    "memory":2,
    "timelist":[
        2.9614288806915283,
        5.863502025604248,
        8.749249935150146,
        11.574799060821533,
        14.453378915786743,
        17.26730990409851,
        20.18758988380432,
        23.023838996887207,
        26.013165950775146,
        28.875892877578735,
        31.813532829284668,
        34.88467288017273,
        37.8719117641449,
        40.84679293632507,
        43.888508796691895,
        46.876593828201294,
        49.952852964401245,
        52.93542194366455,
        55.91096901893616,
        58.89520001411438,
        61.92736101150513,
        64.92491388320923
    ],
    "vylist":[
        0.15245751132691562,
        0.15487700282099284,
        0.930086957421716,
        0.02737690523591282,
        0.00463812472187181,
        0.0013172953825037392,
        0.001306105733647452,
        0.0010325740254096204,
        0.000810211036103753,
        0.0008813941250491393,
        0.000595827516623037,
        0.0006627196410281123,
        0.0005870737064470661,
        0.0005423561035057014,
        0.00044209699393297976,
        0.0004313032606951254,
        0.00044387408906723045,
        0.00041712788426722085,
        0.00046032952791118974,
        0.0003930295177627658,
        0.0004362066482015033,
        0.00037995537703365263
    ],
    "vulist":[
        1.011579565218225,
        9.183106563357105,
        0.5512077362824533,
        0.5794687390086587,
        0.5863247967987013,
        0.5974407479773802,
        0.3877925703128041,
        0.42921159132261666,
        0.4858015114015854,
        0.4793375363262094,
        0.47853389676965996,
        0.5032720291174971,
        0.49942255156653204,
        0.4982356229074523,
        0.49095132689127613,
        0.49408102544023164,
        0.48702400139026236,
        0.48158041751107566,
        0.48062905428990416,
        0.4800056672073473,
        0.4754222014239369,
        0.4738587401236004
    ],
    "curvcon":[
        -2.4249241697369334e-05,
        95.10533193809863,
        116.28154092835878,
        0.24754095803180118,
        0.01568922565247868,
        0.0010173281041670128,
        0.0003684375020034736,
        0.00015963586964536463,
        0.00014294465634605302,
        7.927969516171855e-05,
        4.806188259830144e-05,
        2.8774697675131408e-05,
        2.3149756437359356e-05,
        1.2829530247232502e-05,
        8.387850296517905e-06,
        6.381128210305472e-06,
        6.782557774591117e-06,
        8.07591723718413e-06,
        5.560119443940633e-06,
        4.9024503485117e-06,
        4.273198472599634e-06
    ],
    "walltime":64.92491388320923,
    "endouteriter":21,
    "lastvy":0.00037995537703365263,
    "lastvu":0.4738587401236004
}