{
    "dataname":"1000points",
    "expname":"ABt1mu1",
    "bw":100,
    "dw":100,
    "mu":1.0,
    "out_iter":50,
    "inner_iter":[
        400,
        400,
        400
    ],
    "stepsize":1.0,
    "decay_rate":1.0,
    "memory":1,
    "timelist":[
        32.6575927734375,
        63.63214588165283,
        94.55151176452637,
        124.8764259815216,
        155.60902190208435,
        186.5579698085785,
        217.34403467178345,
        248.10576677322388,
        279.2434527873993,
        312.15601563453674,
        345.5352337360382,
        378.049654006958,
        410.50699067115784,
        441.76300168037415,
        472.91042470932007,
        504.22803473472595,
        535.6864838600159,
        566.552435874939,
        597.8396077156067,
        628.5399689674377,
        659.5316326618195,
        690.3438947200775,
        720.7936298847198,
        751.9162349700928,
        783.2429649829865,
        814.3561296463013,
        845.2542839050293,
        876.2071359157562,
        907.1613628864288,
        939.6462469100952,
        1404.895985841751,
        1713.8951449394226,
        1783.0115287303925,
        2796.1238737106323,
        3105.750279903412,
        3137.4260716438293,
        3168.521158695221,
        3200.1814348697662,
        3231.844477891922,
        3263.544341802597,
        3295.35329079628,
        3329.7889087200165,
        3361.4850146770477,
        3393.2604207992554,
        3427.8423187732697,
        3459.537367582321,
        3490.9801478385925,
        3522.9829607009888,
        3557.4234256744385,
        3589.3157477378845
    ],
    "vylist":[
        0.05128357458343515,
        0.02582672764784367,
        0.022401333369716427,
        0.016051691479551933,
        0.014052170093205987,
        0.011464665305582905,
        0.009691086509019122,
        0.008300484167907626,
        0.006610767957859335,
        0.00526542221662682,
        0.004940576078088444,
        0.004071735221736794,
        0.0037642454501565135,
        0.003368528164945389,
        0.0030741594029735047,
        0.002816389394357411,
        0.0024768271888439826,
        0.0023559174295886415,
        0.0021130151585608617,
        0.002051576614237657,
        0.0015873549493445247,
        0.0016260828399594423,
        0.0014760394495450452,
        0.001547261216407983,
        0.0013346599572909752,
        0.001394536443863482,
        0.0012354467659389016,
        0.0013160492856386635,
        0.001109819130058551,
        0.0011065710207551287,
        0.0009841887963900951,
        0.0010108904697427677,
        0.0009219399339686476,
        0.0009563297525805041,
        0.000887157931036242,
        0.0009122291893031029,
        0.0008484349737104663,
        0.0008795104904141767,
        0.0008057930616115451,
        0.0008282214322713553,
        0.0007834956548461857,
        0.0007950803670712745,
        0.0007280166019850468,
        0.0007542704166743969,
        0.0007268207137326207,
        0.0007213356680521987,
        0.0006911907804769086,
        0.0006864879202394571,
        0.0006656856272777158,
        0.000656995690959502
    ],
    "vulist":[
        0.04673646316996354,
        0.026407842384922886,
        0.02174155145529893,
        0.014452947496939463,
        0.010268954425398909,
        0.009250111813913664,
        0.00846693322843281,
        0.007579629272435396,
        0.007659700458866979,
        0.007441466108785386,
        0.00742749414233259,
        0.007119749902180878,
        0.007129952769647598,
        0.00715940330363602,
        0.007066033881970964,
        0.007017516186115882,
        0.006072144812606251,
        0.006065018716860294,
        0.006068987633866647,
        0.006054781443098934,
        0.006568881561675848,
        0.005859590790451124,
        0.005851546524796569,
        0.005852746496949339,
        0.005853820007082354,
        0.005855918198308402,
        0.005866838486616677,
        0.005849645364738154,
        0.005850205865882582,
        0.005849000740867413,
        0.005841183240684701,
        0.005840583355718617,
        0.005934214050795871,
        0.005829102127202546,
        0.005827386174437458,
        0.0058290710465765914,
        0.005839162032313741,
        0.005827684942462595,
        0.005826264184939343,
        0.0058284037994169886,
        0.005828913902659879,
        0.005828890643508712,
        0.005826575366521606,
        0.005827464443630294,
        0.0058289650449643024,
        0.005840193631755381,
        0.00584491880906258,
        0.005822526953273298,
        0.005821502382551575,
        0.006069489718687821
    ],
    "curvcon":[
        0.04224512947589529,
        6.69038509643452e-05,
        3.605244161498774e-06,
        2.621549301767268e-06,
        2.4334215912423915e-06,
        4.7596385057310135e-07,
        5.416598509085787e-08,
        5.089672017983379e-07,
        3.682303402005145e-07,
        8.472989574381445e-09,
        4.453327356443295e-07,
        2.886578526212901e-07,
        7.400584331794954e-09,
        9.725616832850231e-09,
        1.3454971099712313e-08,
        5.4944028583689796e-08,
        2.9543272861980507e-07,
        2.922606275608205e-09,
        3.1251287062857103e-09,
        6.240691122608774e-10,
        2.602724104797605e-07,
        2.29645356635132e-07,
        7.391434637139708e-09,
        9.897820961050215e-10,
        2.7891564743999803e-10,
        1.3156023448205163e-10,
        2.0602154138656207e-09,
        2.562597260046329e-09,
        8.4966850253472e-09,
        1.1584017236848822e-08,
        1.512623503695632e-09,
        1.1504593498548028e-11,
        3.902931457600935e-08,
        3.911111522812455e-08,
        1.1334272436187969e-09,
        9.432851120194048e-10,
        1.7676441933259786e-09,
        7.495990257482799e-09,
        8.88269904459429e-11,
        2.4546068878052475e-09,
        5.179022855681675e-11,
        4.5812488863297085e-10,
        3.7038565170959896e-10,
        6.686274749964303e-10,
        3.5012379037686184e-10,
        1.586793044352222e-09,
        2.4797928733727552e-08,
        1.051377439637929e-08,
        -3.764707162499164e-12
    ],
    "walltime":3589.3157477378845,
    "endouteriter":49,
    "lastvy":0.000656995690959502,
    "lastvu":0.006069489718687821
}