{
    "dataname":"1000points",
    "expname":"ABt1mu1m4",
    "bw":100,
    "dw":100,
    "mu":1.0,
    "out_iter":50,
    "inner_iter":[
        400,
        400,
        400
    ],
    "stepsize":1.0,
    "decay_rate":1.0,
    "memory":4,
    "timelist":[
        29.952583074569702,
        59.85548686981201,
        89.82752799987793,
        120.0041880607605,
        150.5450301170349,
        181.44327998161316,
        212.10308408737183,
        243.10225296020508,
        274.008141040802,
        304.8462288379669,
        335.69114995002747,
        366.9239971637726,
        397.774631023407,
        429.0594301223755,
        459.81061911582947,
        490.75617599487305,
        521.7093689441681,
        552.699688911438,
        583.8741941452026,
        615.0614221096039,
        645.7461590766907,
        676.7064909934998,
        707.6688370704651,
        738.700453042984,
        769.6406819820404,
        800.3100121021271,
        831.7507050037384,
        863.1622588634491,
        893.9138312339783,
        924.839467048645,
        955.9832098484039,
        987.0083830356598,
        1017.6817500591278,
        1048.5680181980133,
        1079.3338119983673,
        1112.7936239242554,
        1143.550215959549,
        1173.8367500305176,
        1204.747141122818,
        1235.3012850284576,
        1265.943827867508,
        1296.5841388702393,
        1329.6717190742493,
        1363.0036270618439,
        1396.3650510311127,
        1429.830307006836,
        1463.1485240459442,
        1496.4119081497192,
        1529.7270510196686,
        1563.1784508228302
    ],
    "vylist":[
        0.033959866534567076,
        0.020712104192747775,
        0.015295892555975832,
        0.011275139755159471,
        0.009308511960718451,
        0.00753568320938175,
        0.006813862100726655,
        0.0051861823870623215,
        0.004986798234198627,
        0.004006883246128692,
        0.0038504244934070794,
        0.0031768730144260348,
        0.002882385003306214,
        0.002425023469845715,
        0.0021992120842987952,
        0.0020709738991683438,
        0.0019189906404605884,
        0.0018086747841999026,
        0.0016529915171632605,
        0.0016217316883969882,
        0.0014600963006545411,
        0.0014623578124070764,
        0.001310746026831718,
        0.0013047921423614806,
        0.0011757306351609356,
        0.0011315960975739959,
        0.0010581751336903732,
        0.0010605210307880679,
        0.0009771122217485393,
        0.0009800201955866422,
        0.0009056382073776985,
        0.0009144704586953151,
        0.0008365453987491949,
        0.0008419822605028157,
        0.0007946603619025199,
        0.0007925927097506357,
        0.0007225266069037003,
        0.0007190613163529281,
        0.0006758500128014057,
        0.0006918521561975717,
        0.0006379285767919303,
        0.0006583056287868256,
        0.0006117772519991049,
        0.0006264532966517428,
        0.0005854493914938502,
        0.0005831939738134196,
        0.0005775101625977314,
        0.0005692658288582208,
        0.0005235861918260511,
        0.0005500074979159196
    ],
    "vulist":[
        0.04304603422220149,
        0.026197164895236307,
        0.02034505529920089,
        0.016791742483566248,
        0.01440497130333666,
        0.013151376642876402,
        0.0119602760391631,
        0.010975474662780415,
        0.009173020739584226,
        0.00858168279862113,
        0.007566539547335894,
        0.006679482308442218,
        0.006065663979896984,
        0.005794484809979239,
        0.005751492401855383,
        0.005758906161124135,
        0.005773500153148676,
        0.00578962528750753,
        0.005780934897782849,
        0.005786387549997867,
        0.005733200701215733,
        0.005707570558970651,
        0.005693131130840611,
        0.00569066412861221,
        0.00568973009220255,
        0.00569267163193296,
        0.005690104794707915,
        0.005691389174709141,
        0.005812901734927816,
        0.005700679531312306,
        0.005733598791433733,
        0.005640936363337633,
        0.0056428506288188655,
        0.005643305603652747,
        0.005642527944220737,
        0.005641931345247562,
        0.005642812276279955,
        0.005647739698779963,
        0.00579023051704704,
        0.005668186726435436,
        0.005716442882113663,
        0.005627589267883947,
        0.005623043615997841,
        0.005623053189315422,
        0.005623702106799054,
        0.005623005250514697,
        0.005622838030404155,
        0.005622701300621287,
        0.005622605719692369,
        0.00562243997347363
    ],
    "curvcon":[
        0.0701822643639557,
        4.8896331485018e-05,
        4.481206458232802e-06,
        1.386810449252105e-06,
        1.5784218024004764e-06,
        7.044451983631191e-07,
        8.858869192702163e-07,
        6.267612913507076e-07,
        8.917509347975598e-07,
        3.261215485864663e-07,
        2.8189019781184933e-07,
        1.837367768525599e-07,
        2.3138897298870708e-07,
        5.372435199327605e-08,
        6.795479467764025e-09,
        1.766831931173275e-09,
        4.947206431493301e-09,
        8.131262633123261e-09,
        1.370091846643654e-09,
        1.0442567810770409e-08,
        7.148665998913468e-09,
        6.048315066705174e-09,
        4.249182528936035e-09,
        6.985480717117375e-10,
        7.270658008057825e-10,
        1.199473644459536e-09,
        1.2701414037534916e-09,
        -3.4136469120048795e-11,
        4.9463920265241366e-08,
        5.5456413486743387e-08,
        6.695012514333169e-08,
        3.34923271913172e-08,
        1.9921712032041603e-09,
        -8.805914077148109e-11,
        -5.929027439398213e-11,
        -1.4450889491849716e-10,
        8.824145540495223e-11,
        7.074017466798631e-11,
        7.327064802038985e-08,
        7.811999003909158e-08,
        5.301516097845854e-08,
        2.4589879230685117e-08,
        6.02011198783883e-10,
        3.134957767017519e-12,
        2.5505183455591012e-11,
        1.3259130748268432e-11,
        2.635426363132386e-12,
        1.2882033890894657e-11,
        8.506974321321412e-12
    ],
    "walltime":1563.1784508228302,
    "endouteriter":49,
    "lastvy":0.0005500074979159196,
    "lastvu":0.00562243997347363
}