{
    "dataname":"500points",
    "expname":"ABt1",
    "bw":100,
    "out_iter":30,
    "inner_iter":[
        400,
        400,
        400
    ],
    "stepsize":1.0,
    "decay_rate":1.0,
    "memory":1,
    "timelist":[
        4.96574592590332,
        9.983281135559082,
        14.918573141098022,
        19.940837144851685,
        24.941923141479492,
        30.13864493370056,
        35.274468183517456,
        40.38572311401367,
        45.71178698539734,
        51.292479038238525,
        56.76453614234924,
        62.200528144836426,
        67.81591701507568,
        73.301992893219,
        78.70574522018433,
        83.99161505699158,
        89.2318639755249,
        94.84513401985168,
        100.23191094398499,
        105.52861905097961,
        110.98747205734253,
        116.4086320400238,
        122.05426621437073,
        127.35799407958984,
        132.91467118263245,
        138.26408195495605,
        143.9390890598297,
        149.37857103347778,
        154.95199704170227,
        160.65238308906555
    ],
    "vylist":[
        0.03621009505537947,
        0.03082772052813707,
        0.017230158141123258,
        0.0022645255125732524,
        0.0016153892395089566,
        0.0012549592865482798,
        0.0010549233314257832,
        0.0016721247609162442,
        0.0004945758840958499,
        0.00030568222012289907,
        0.0002690102185376103,
        0.00025606478776940783,
        0.00021625230751772618,
        0.00019338079873294894,
        0.0001446350864478794,
        0.00013439278678185998,
        0.0006556751427633697,
        0.000135475188447416,
        0.00013458802486240155,
        0.0001227018470052126,
        0.0007161937575201422,
        0.00012338830283135035,
        0.00012548940494046704,
        0.0001240809199894091,
        0.00042474426979799196,
        0.00014306953533986487,
        0.000116309089413519,
        0.00010860130183751146,
        0.00041440529530259424,
        0.00011723817648833163
    ],
    "vulist":[
        0.9745960423262028,
        0.5648198101571935,
        0.2764280270575359,
        0.25027589598011185,
        0.20576839436933922,
        0.11407751203233911,
        0.08276264567178789,
        0.07764231014455651,
        0.06973911932488308,
        0.04906863497603164,
        0.035512718375467836,
        0.02357593781607199,
        0.019388138741551975,
        0.019112788378327736,
        0.018742211948252867,
        0.02127278435663758,
        0.01567719642677969,
        0.01583667189547348,
        0.01563944106269282,
        0.023446618050502865,
        0.014084691952495756,
        0.014123831901893437,
        0.013913888648575914,
        0.016975945271576046,
        0.01149399891731623,
        0.01153463268076333,
        0.011186520916390013,
        0.013883956733948209,
        0.010437518745396461,
        0.010402791978658756
    ],
    "curvcon":[
        0.0009127380837383532,
        0.07279858718612786,
        0.008977270875146477,
        4.86699001216939e-05,
        2.46539676117865e-05,
        9.459979772625302e-05,
        0.00019218045567917486,
        6.987681791719543e-05,
        2.2206606963368967e-06,
        6.076317133276014e-06,
        1.929091554105957e-06,
        1.8685181045448506e-06,
        1.2174269454841285e-06,
        3.09140491130207e-07,
        3.766775326170714e-09,
        1.4284910812742138e-05,
        1.0528185124692675e-05,
        3.4674052426309054e-07,
        2.395686434883867e-09,
        1.756730849520605e-05,
        1.3995293943227185e-05,
        2.535479797852905e-07,
        1.6292446873477232e-09,
        5.308813933854956e-06,
        3.2303852038224074e-06,
        2.3475891062130537e-07,
        3.5328331187872704e-09,
        5.855144573890699e-06,
        4.563418715282529e-06
    ],
    "walltime":160.65238308906555,
    "endouteriter":29,
    "lastvy":0.00011723817648833163,
    "lastvu":0.010402791978658756
}