{
    "dataname":"1500points_075mu",
    "expname":"ABt1mu075m1",
    "bw":100,
    "dw":100,
    "mu":0.75,
    "out_iter":50,
    "inner_iter":[
        400,
        400,
        400
    ],
    "stepsize":1.0,
    "decay_rate":1.0,
    "memory":1,
    "timelist":[
        19.373470067977905,
        39.03802299499512,
        58.70163011550903,
        78.3960120677948,
        98.1996202468872,
        117.88834118843079,
        137.71771502494812,
        157.63736295700073,
        177.60115718841553,
        197.95174932479858,
        218.08567214012146,
        238.1685950756073,
        258.1631109714508,
        278.19090008735657,
        298.056272983551,
        317.83723402023315,
        337.82610416412354,
        357.66062021255493,
        377.63659501075745,
        397.6462140083313,
        417.606507062912,
        437.72689604759216,
        457.8412640094757,
        477.6911840438843,
        497.7177212238312,
        517.5066912174225,
        537.4592590332031,
        557.5219931602478,
        577.463140964508,
        597.4630720615387,
        617.2716202735901,
        637.1311659812927,
        658.489147901535,
        679.8503661155701,
        701.357506275177,
        722.8043930530548,
        744.2100312709808,
        765.6625239849091,
        787.1254651546478,
        808.4401731491089,
        829.7812120914459,
        851.1529018878937,
        870.9178981781006,
        892.3349990844727,
        913.6647181510925,
        935.1773042678833,
        956.5106661319733,
        977.9642970561981,
        999.3265669345856,
        1020.688413143158
    ],
    "vylist":[
        0.04079618555255809,
        0.018195525787727207,
        0.013103962250388951,
        0.010910471543071894,
        0.007571862764562528,
        0.006406856761754516,
        0.004185744027888527,
        0.0036724667021418677,
        0.002724851321822752,
        0.002553458501516585,
        0.001961127721567142,
        0.0019412840834051681,
        0.001661874301527052,
        0.00163744519690693,
        0.0015036266930456518,
        0.001466606956729282,
        0.0013130283457573663,
        0.001329947498320797,
        0.0012186598039618318,
        0.0012457880911889707,
        0.0011661833548882836,
        0.0011669685728003972,
        0.0010895178796729301,
        0.001102108967448275,
        0.001036071287967834,
        0.0010261655026781486,
        0.0009671879165148706,
        0.000985560407199746,
        0.0009305261789838785,
        0.0009396685705287472,
        0.0008906672016922888,
        0.0008870569352691626,
        0.000847246427844365,
        0.0008575626589292394,
        0.0008244838703661992,
        0.0008013826299032306,
        0.0007856952882732564,
        0.000785624426997368,
        0.0007478223538218678,
        0.0007332264974600604,
        0.0007053344009401732,
        0.0007064721694203171,
        0.0006675950602605584,
        0.000657059181030516,
        0.0006383627783461599,
        0.0006075092739533794,
        0.0005921631052645405,
        0.0005957574418123446,
        0.0005475153765655537,
        0.000535287407004755
    ],
    "vulist":[
        0.05371584816581504,
        0.033970770092678335,
        0.023632770392577104,
        0.019848564049967515,
        0.013960823882904346,
        0.013379352028381686,
        0.013265212303080046,
        0.01316419836675678,
        0.012141532640255255,
        0.01102644494679871,
        0.010543771587856613,
        0.010289729654585219,
        0.009951818651052775,
        0.009939387799261463,
        0.009935795345243697,
        0.009925720685654494,
        0.009951427814948717,
        0.011881814945546488,
        0.009627066130879106,
        0.009614264084234296,
        0.009956238818999166,
        0.009342547902468785,
        0.009344622239649407,
        0.009363082269003287,
        0.009342219613432408,
        0.009342087955834535,
        0.009342671416823777,
        0.009356684365002385,
        0.009341848365568218,
        0.00934116969368246,
        0.009337376662836915,
        0.00934971943730502,
        0.009337577125975466,
        0.009337511337131787,
        0.009337288241127216,
        0.009337193579313941,
        0.009337280086333302,
        0.009350186849341156,
        0.009337290086134431,
        0.009336791727183148,
        0.00933607629942684,
        0.009337124349850266,
        0.00933705232403676,
        0.009337010620226065,
        0.00933677622881061,
        0.009336747816462782,
        0.009336939237325072,
        0.009337732390430526,
        0.009337127185217108,
        0.009337025968890073
    ],
    "curvcon":[
        0.32423392138138407,
        5.2849132577567856e-05,
        9.151711021169604e-06,
        1.3523698336169285e-06,
        2.0441163872856236e-06,
        4.1880826448173017e-07,
        2.042303136318218e-08,
        1.5550817488422276e-07,
        2.184067085697514e-07,
        4.7197110346162484e-07,
        3.3808640162142265e-07,
        8.09412272478087e-08,
        8.284224936483562e-08,
        1.781848280409835e-09,
        1.1036362814372508e-08,
        -1.4632696967319884e-09,
        -9.339519502541656e-10,
        7.941474788073269e-07,
        1.0638461478640931e-06,
        1.1396963715488966e-10,
        2.4002082645622267e-07,
        2.5058032126618366e-07,
        9.148227902449152e-10,
        6.553382895659416e-09,
        9.077823387571583e-09,
        3.3591178867730396e-09,
        3.9238346743201054e-09,
        3.944568181821781e-09,
        2.6456605136395063e-09,
        3.7740955793935655e-09,
        2.9925255563916168e-09,
        2.8644186749015857e-09,
        3.2641297188133234e-09,
        1.6343560502628605e-12,
        3.233653860990478e-10,
        2.8177475556511277e-10,
        6.767290644832756e-13,
        3.3847830158124695e-09,
        3.141382854558996e-09,
        8.757166611334523e-12,
        1.8221431512661452e-11,
        2.710643920994033e-11,
        8.00867937721259e-12,
        2.727773418009389e-12,
        2.5233848611180062e-11,
        1.5214060491526904e-11,
        8.261469651221617e-12,
        6.717037965486593e-11,
        2.989114200304044e-11
    ],
    "walltime":1020.688413143158,
    "endouteriter":49,
    "lastvy":0.000535287407004755,
    "lastvu":0.009337025968890073
}