{
    "dataname":"1500points",
    "expname":"Av2t1",
    "bw":100,
    "out_iter":20,
    "inner_iter":[
        1000,
        1000,
        1000
    ],
    "stepsize":1.0,
    "decay_rate":1.0,
    "timelist":[
        48.46267008781433,
        99.68458390235901,
        151.424320936203,
        203.65025305747986,
        256.65848088264465,
        310.32741618156433,
        360.9227771759033,
        417.21731209754944,
        467.73521518707275,
        524.037045955658
    ],
    "walltime":524.037045955658,
    "endouteriter":9
}