{
    "dataname":"1000points",
    "expname":"ABt1mu1m10",
    "bw":100,
    "dw":100,
    "mu":1.0,
    "out_iter":50,
    "inner_iter":[
        400,
        400,
        400
    ],
    "stepsize":1.0,
    "decay_rate":1.0,
    "memory":10,
    "timelist":[
        29.63562798500061,
        59.62323594093323,
        89.7953610420227,
        120.39907479286194,
        151.07483506202698,
        182.1553440093994,
        213.2387080192566,
        244.01083087921143,
        274.5519919395447,
        305.08959698677063,
        336.17898893356323,
        367.0486810207367,
        397.8156349658966,
        428.6010661125183,
        459.2779769897461,
        490.12241220474243,
        520.6033549308777,
        551.3667268753052,
        582.2814500331879,
        613.0035119056702,
        644.0971019268036,
        675.4079098701477,
        706.0665249824524,
        737.3006279468536,
        767.9545078277588,
        798.9220490455627,
        830.0387468338013,
        861.0142369270325,
        891.6638140678406,
        922.5681648254395,
        953.3108060359955,
        984.6344001293182,
        1015.669214963913,
        1046.745766878128,
        1077.6537780761719,
        1108.8858630657196,
        1140.0095229148865,
        1170.9680149555206,
        1202.010402917862,
        1232.9958848953247,
        1264.6664988994598,
        1296.0642240047455,
        1330.2226440906525,
        1361.8521280288696,
        1393.2619819641113,
        1427.1345801353455,
        1460.8662009239197,
        1494.6365389823914,
        1528.4007730484009,
        1559.2557818889618
    ],
    "vylist":[
        0.02437116460524679,
        0.018019049907861785,
        0.011936747886244254,
        0.008440877488965494,
        0.006596188670843115,
        0.004790728053334883,
        0.00442069752846067,
        0.003423561059006511,
        0.00317051468284971,
        0.002393739179892477,
        0.002134453719492635,
        0.0017080377561697134,
        0.0015451230984890184,
        0.0013574837118788786,
        0.001199845228961518,
        0.0011026924921833648,
        0.0010168764078095501,
        0.0009538844699801289,
        0.0008910106596162435,
        0.0008281649137926068,
        0.0007884636127910441,
        0.0007753061288734402,
        0.0007339849428255357,
        0.0007170048684749886,
        0.0006957150515131554,
        0.0007063841785542091,
        0.0006484888937236087,
        0.0006466165470864108,
        0.0006327344999205288,
        0.0006157443021800136,
        0.0006022637901843249,
        0.0005821261840049054,
        0.0005820772769575819,
        0.000565647943136598,
        0.0005652874868189172,
        0.0005480605220449665,
        0.000547138467911253,
        0.0005246556479341137,
        0.0004979526863635323,
        0.0005386403246930696,
        0.0005147155194978447,
        0.0005320629776548596,
        0.0005080722268219919,
        0.0004904342248129415,
        0.00046900670991033744,
        0.0005167428450732723,
        0.0004636414772401927,
        0.0005453213953984939,
        0.00045047105073800427,
        0.0004797165865607277
    ],
    "vulist":[
        0.032055656819646026,
        0.0215886992452916,
        0.016968653582354234,
        0.014424694904169156,
        0.0129679531058882,
        0.012630561634592998,
        0.011649454179712342,
        0.0091535871716878,
        0.00931787436201809,
        0.00847146169270966,
        0.006714141801383109,
        0.006732784885444813,
        0.006651369033899377,
        0.006561048337165316,
        0.006518476535095939,
        0.006550355741985499,
        0.006683950887724534,
        0.006460937098116707,
        0.006372880124874927,
        0.006371663697333387,
        0.0063749626482190735,
        0.00649716690025792,
        0.0062774502279185525,
        0.006273614529422538,
        0.006266035803883981,
        0.00625877226944728,
        0.006230892714900539,
        0.006225213311704127,
        0.0062247466164186485,
        0.00622628144852322,
        0.006216330354481877,
        0.006191634991935847,
        0.006174103497273461,
        0.006134154530441449,
        0.006113082405704233,
        0.006104219476017757,
        0.00615353287600261,
        0.006099876901115509,
        0.006100656150344392,
        0.006098675162191897,
        0.006092605443656957,
        0.006092372687028421,
        0.006091711893915405,
        0.006095801014995824,
        0.006091135583760794,
        0.00609219914146021,
        0.006084182472089518,
        0.006084844244864367,
        0.006082406562354337,
        0.006082255323044368
    ],
    "curvcon":[
        0.08930214090423828,
        1.597480012623656e-05,
        2.2853053093339343e-06,
        1.1573207973254663e-06,
        6.469207082830254e-07,
        2.2052403486395266e-07,
        1.9386040378093415e-07,
        5.834875405405742e-07,
        5.963962336678644e-07,
        1.5521787745599596e-07,
        4.526269878817096e-07,
        1.2416504967640453e-07,
        8.979446824682928e-09,
        5.087042023374649e-09,
        5.511067500138747e-09,
        7.74949527599938e-09,
        7.436214476384108e-08,
        3.006314032349992e-08,
        2.5629524328126918e-08,
        3.216104124647715e-09,
        3.9668904544457963e-10,
        6.190495684167297e-08,
        6.044423313488055e-08,
        1.5695969631433547e-09,
        6.035936045758632e-10,
        4.132325204175216e-09,
        6.591482721545024e-09,
        1.2632251774796698e-09,
        1.5578849162162234e-09,
        4.94514866011097e-10,
        3.767156156973476e-10,
        1.5994809716637738e-08,
        6.039207854547993e-08,
        3.215912460518088e-08,
        6.0108363934363375e-09,
        9.072243472988529e-10,
        3.3858495619044984e-08,
        1.549301715338094e-08,
        2.9289129841378155e-09,
        1.5914596061075713e-09,
        3.0610176731165663e-09,
        6.453608183274235e-10,
        1.7174459998464167e-10,
        2.143925945562462e-09,
        7.082920134407797e-10,
        1.2864994467819454e-10,
        1.953734865322775e-09,
        4.559467811400401e-11,
        5.345959179269139e-10
    ],
    "walltime":1559.2557818889618,
    "endouteriter":49,
    "lastvy":0.0004797165865607277,
    "lastvu":0.006082255323044368
}