{
    "dataname":"500points",
    "expname":"At1",
    "bw":100,
    "out_iter":30,
    "inner_iter":[
        400,
        400,
        400
    ],
    "stepsize":100,
    "decay_rate":1.0,
    "timelist":[
        2.9330251216888428,
        5.756204128265381,
        8.59239411354065,
        11.404247045516968,
        14.212847232818604,
        17.02550196647644,
        19.8215970993042,
        22.628592014312744,
        25.42175316810608,
        28.309909105300903,
        31.268253087997437,
        34.208945989608765,
        37.03615117073059,
        39.98910307884216,
        42.98180603981018,
        45.9236900806427,
        48.80804109573364,
        51.72739624977112,
        54.629478931427,
        57.66545605659485,
        60.756012201309204,
        63.739367961883545,
        66.78309202194214,
        69.68989491462708,
        72.72824096679688,
        75.70669221878052,
        78.69651412963867,
        81.64593601226807,
        84.6795871257782,
        87.7454001903534
    ],
    "vylist":[
        0.14546640626399962,
        0.024714643585994005,
        0.004158931329766995,
        0.0012539160286096419,
        0.0008244733824760934,
        0.00046443100631762455,
        0.0004356118820633084,
        0.00030720218922431744,
        0.00035669810008887644,
        0.00046560983068830034,
        0.0003110895849983821,
        0.0003572268420127637,
        0.0003400729786662334,
        0.0002976359055930919,
        0.00028975239109750426,
        0.0003902859649517864,
        0.0005041314644101526,
        0.000408490264447511,
        0.0004730112325022413,
        0.00041696804521380783,
        0.0004043148999913724,
        0.0004045083007546263,
        0.0003646715306793428,
        0.000324120578517301,
        0.0002444459205098955,
        0.00026976178176384765,
        0.00026290712417928897,
        0.00023100985638902535,
        0.00023164416804627753,
        0.0002029171897838058
    ],
    "vulist":[
        0.1695370672373652,
        0.035378142802936524,
        0.0204264229608626,
        0.019297422225715614,
        0.016862861315665695,
        0.016355759344051996,
        0.015772410656335712,
        0.015082524325046625,
        0.014740564864519426,
        0.015312240938833556,
        0.012694307737257427,
        0.012212869709369677,
        0.012507964155805351,
        0.011932861705430493,
        0.011653574369252353,
        0.01153028614278084,
        0.0117022625770674,
        0.011545165125791589,
        0.011544040747564148,
        0.011469932301615724,
        0.01128903555241045,
        0.011378546215277344,
        0.010938468133853782,
        0.010379056921560138,
        0.010615610126113891,
        0.010506716316671416,
        0.01034791821447435,
        0.010205659993493021,
        0.010313468187315626,
        0.010165244917796018
    ],
    "walltime":87.7454001903534,
    "endouteriter":29,
    "lastvy":0.0002029171897838058,
    "lastvu":0.010165244917796018
}