{
    "dataname":"1500points_075mu",
    "expname":"ABt1mu075m20",
    "bw":100,
    "dw":100,
    "mu":0.75,
    "out_iter":50,
    "inner_iter":[
        400,
        400,
        400
    ],
    "stepsize":1.0,
    "decay_rate":1.0,
    "memory":20,
    "timelist":[
        19.298371076583862,
        38.723257064819336,
        58.30419301986694,
        78.11698603630066,
        97.70209980010986,
        117.56042909622192,
        137.291344165802,
        157.1162929534912,
        176.8403959274292,
        196.60702800750732,
        216.49822092056274,
        236.48657202720642,
        256.0014851093292,
        275.6380081176758,
        295.57966899871826,
        315.38105177879333,
        335.09100008010864,
        354.6591217517853,
        374.44450306892395,
        394.3304989337921,
        414.03964495658875,
        433.81322383880615,
        453.7405128479004,
        473.36993503570557,
        493.28665494918823,
        513.1339259147644,
        533.1347959041595,
        553.020357131958,
        572.6878340244293,
        592.243597984314,
        611.9692158699036,
        631.698737859726,
        651.419126033783,
        673.0029938220978,
        694.2770149707794,
        713.9489688873291,
        733.8509550094604,
        753.5069150924683,
        773.2284519672394,
        792.8597989082336,
        812.6965289115906,
        834.0525169372559,
        855.190260887146,
        876.4612710475922,
        897.5754978656769,
        917.7477879524231,
        938.8087191581726,
        959.9688980579376,
        981.0491178035736,
        1002.2153539657593
    ],
    "vylist":[
        0.028952801626098413,
        0.017552101742814113,
        0.01432451310525429,
        0.01244832278072744,
        0.010241071971200789,
        0.008641787469733856,
        0.006793992741165928,
        0.005495107351528156,
        0.004406644118856606,
        0.0041728371362893335,
        0.0029003612986088245,
        0.002635502383351053,
        0.002155303066929596,
        0.0019299022498260815,
        0.0017020100763533508,
        0.0015134275621082216,
        0.0013880311612205426,
        0.0012946173916757652,
        0.0012142039813697184,
        0.0011326008945320195,
        0.0010592055101608891,
        0.00102167490298403,
        0.0009559473879630115,
        0.0008996546619105336,
        0.0008558114567311419,
        0.0007890220027543035,
        0.0007787534664149645,
        0.0007419878729230236,
        0.0007281760125532593,
        0.000692223526181906,
        0.0006858666525386981,
        0.000637194849539476,
        0.0006408638441550677,
        0.0006047403856870214,
        0.000606437096096869,
        0.0005833539814726526,
        0.0005732602425476119,
        0.0005430125839528004,
        0.0005510345872532024,
        0.0005751255682723688,
        0.0005190406919188474,
        0.0005046677090196911,
        0.0005062908378554395,
        0.0004800691402161237,
        0.0004905090159770918,
        0.0004750212580503804,
        0.00046356356121259073,
        0.00044247923670549246,
        0.000452230498840004,
        0.00043857556999781356
    ],
    "vulist":[
        0.05378125992603607,
        0.02791208667661469,
        0.025547567614568112,
        0.022717804427783737,
        0.020312427547630137,
        0.019287526619059102,
        0.01726263669988045,
        0.01664414081022335,
        0.015669953994633622,
        0.013871747808880374,
        0.01298501823540449,
        0.012539513364304485,
        0.012447806711379189,
        0.012235088071437661,
        0.011783664493977332,
        0.011515885415509157,
        0.011536095567078164,
        0.01146009731579099,
        0.0114552267054643,
        0.011470384396248728,
        0.011447514635488426,
        0.01146294225964621,
        0.011454457306006255,
        0.011455612636232567,
        0.011592836651860616,
        0.011206272707084373,
        0.010841335629861719,
        0.01086558258831576,
        0.01088844666020992,
        0.010861316060470777,
        0.01085301175371437,
        0.010850301546414257,
        0.010844025930161892,
        0.010860607027092361,
        0.010821689400892877,
        0.010811407716633135,
        0.010800662305531183,
        0.011020424216604055,
        0.010763501840515659,
        0.010753553965222496,
        0.010763322062055564,
        0.010758682477900763,
        0.01075712514327848,
        0.010793829589830639,
        0.010751906626852416,
        0.010753320683234709,
        0.010753178801894987,
        0.010752087014542094,
        0.010750195785811736,
        0.01074783989175494
    ],
    "curvcon":[
        0.04130429929743876,
        5.5070529867288e-05,
        5.013375732068319e-06,
        4.5875039587741115e-07,
        4.738268971907909e-06,
        2.6816731262770037e-06,
        4.1057099347955263e-07,
        1.4794434266063601e-06,
        1.0974358547580218e-06,
        7.90157497120394e-07,
        4.79956625316344e-07,
        2.398682503218183e-07,
        1.263468422146622e-08,
        2.4894987729170236e-07,
        2.5314278898170796e-07,
        1.2920344540075354e-07,
        2.4667120217357835e-09,
        2.128760712763765e-08,
        4.6566022889400085e-09,
        1.053114804596558e-09,
        1.0239732688854387e-08,
        2.4251687043410503e-09,
        2.0445539597176797e-09,
        2.2708570483865967e-10,
        6.146342367994646e-08,
        2.2567997544651364e-07,
        1.5743391139342388e-07,
        8.06013987482764e-09,
        2.5308369690327044e-09,
        2.3981503880349228e-09,
        1.377076489371948e-08,
        3.278442223482374e-09,
        1.3818897831813395e-09,
        1.8355181859613014e-08,
        1.3008770284765878e-08,
        3.383990998795292e-09,
        3.498300126431263e-10,
        1.8014310306110438e-07,
        1.3439269091366513e-07,
        2.0119076117160278e-09,
        9.514294670526831e-10,
        6.507964409993764e-10,
        9.506530253263946e-11,
        2.2210795364034396e-08,
        1.130353692111713e-08,
        2.598838736281635e-10,
        7.781679348704157e-11,
        1.287302707976161e-11,
        8.761082709222029e-11
    ],
    "walltime":1002.2153539657593,
    "endouteriter":49,
    "lastvy":0.00043857556999781356,
    "lastvu":0.01074783989175494
}