{
    "dataname":"1500points_1mu",
    "expname":"At2",
    "bw":100,
    "dw":100,
    "mu":1.0,
    "out_iter":50,
    "inner_iter":[
        400,
        400,
        400
    ],
    "stepsize":2,
    "decay_rate":1.0,
    "timelist":[
        19.398977041244507,
        39.18216872215271,
        58.9023597240448,
        78.46735382080078,
        98.37447762489319,
        118.02220177650452,
        137.75036478042603,
        157.77526664733887,
        177.7483389377594,
        197.92837572097778,
        218.26433992385864,
        238.18684887886047,
        258.45903062820435,
        278.60666584968567,
        298.7533519268036,
        318.75390791893005,
        338.79548382759094,
        358.8619568347931,
        378.71654868125916,
        398.64867186546326,
        418.8380846977234,
        439.02500891685486,
        459.1876108646393,
        479.0939917564392,
        499.0535988807678,
        519.3859798908234,
        539.5091047286987,
        559.4822127819061,
        579.3306477069855,
        599.5658926963806,
        619.8248908519745,
        639.8764197826385,
        659.9933648109436,
        680.019770860672,
        700.0890157222748,
        720.1813340187073,
        739.7496268749237,
        759.0636518001556,
        778.2616198062897,
        797.3989307880402,
        816.5148758888245,
        835.8290679454803,
        855.325966835022,
        874.6225500106812,
        893.6995646953583,
        913.083372592926,
        932.515930891037,
        951.7295286655426,
        970.8132658004761,
        990.4436588287354
    ],
    "vylist":[
        0.028022742225283885,
        0.02171056273764572,
        0.02577950114453163,
        0.019092745422052464,
        0.019852588758709617,
        0.017209081835892856,
        0.02106835250726779,
        0.02049768298195624,
        0.025353822228546683,
        0.022697805280932737,
        0.025511055530926387,
        0.022862291429385565,
        0.025108513027088174,
        0.023520347550114187,
        0.02506910265950713,
        0.023741258206524007,
        0.024607427182957067,
        0.02385057350394968,
        0.0244909412103867,
        0.023647878951851335,
        0.024480269170097317,
        0.02398075576817953,
        0.023627636393127677,
        0.023196883955721486,
        0.023763105178860124,
        0.023445498789200894,
        0.02359474996519872,
        0.02341866956634212,
        0.023709415949172738,
        0.022546259826913755,
        0.022877108829772213,
        0.021907244325034773,
        0.022622070816786858,
        0.02096754704640522,
        0.023668051653240995,
        0.023558836834816875,
        0.02011677366729492,
        0.021939413154882178,
        0.02181765759271873,
        0.02276381335715446,
        0.021955487033626375,
        0.02352725398488096,
        0.022293952689361303,
        0.02308903679435761,
        0.022548949977064737,
        0.023612616345476872,
        0.022463392682312983,
        0.023597235095300838,
        0.022679500752087706,
        0.02369235108359099
    ],
    "vulist":[
        1.442800030992216,
        1.4580704462290264,
        1.4514408224664475,
        1.457612000901156,
        1.4540522670329914,
        1.4584640884230118,
        1.447215079957886,
        1.4524023918410314,
        1.4492063734390062,
        1.4519578485078362,
        1.4473475528843298,
        1.4535601788535337,
        1.4545576711244483,
        1.4503314075249585,
        1.4453032777792403,
        1.4472837972777384,
        1.444314056230194,
        1.4491372985225108,
        1.4522678762862697,
        1.4471746461871156,
        1.4505335703799822,
        1.4208884672009758,
        1.4089223657300203,
        1.4054430446913146,
        1.4001949365516735,
        1.4081720076794861,
        1.416775513819857,
        1.4173551878203443,
        1.4222410772836371,
        1.4241115457447833,
        1.431023855749468,
        1.4390247961289764,
        1.428340159006606,
        1.445884220627951,
        1.5307382013149629,
        1.272046543069897,
        1.285123064964529,
        1.2718248729240909,
        1.285084714220087,
        1.2718295122205552,
        1.285010318946826,
        1.2717542218693172,
        1.2849697627079915,
        1.2716626896805463,
        1.284802747714087,
        1.271634365159407,
        1.2848488745790525,
        1.2716183900063855,
        1.2847132576670366,
        1.271459528533419
    ],
    "walltime":990.4625196456909,
    "endouteriter":49,
    "lastvy":0.02369235108359099,
    "lastvu":1.271459528533419,
    "bestValidation_y":0.017209081835892856,
    "bestValidation_u":1.271459528533419
}