{
    "dataname":"1500points_075mu",
    "expname":"ABt1mu075m10",
    "bw":100,
    "dw":100,
    "mu":0.75,
    "out_iter":50,
    "inner_iter":[
        400,
        400,
        400
    ],
    "stepsize":1.0,
    "decay_rate":1.0,
    "memory":10,
    "timelist":[
        19.128154039382935,
        39.00536394119263,
        58.735584020614624,
        78.55164790153503,
        98.32372498512268,
        118.04714703559875,
        138.07890701293945,
        158.0076241493225,
        178.09468412399292,
        197.94718194007874,
        217.6516511440277,
        238.06124114990234,
        258.00989413261414,
        278.0637631416321,
        298.19288325309753,
        317.62711119651794,
        337.3235812187195,
        357.38740396499634,
        377.15801906585693,
        397.04422903060913,
        416.9231810569763,
        436.8813281059265,
        456.6486608982086,
        476.6114890575409,
        496.520015001297,
        516.6507940292358,
        536.4512159824371,
        556.401468038559,
        576.423800945282,
        596.4620399475098,
        616.4376318454742,
        638.253828048706,
        659.7187361717224,
        681.4325699806213,
        701.3367919921875,
        722.3377819061279,
        744.7719762325287,
        767.1757941246033,
        789.5938010215759,
        812.0356960296631,
        834.5023770332336,
        856.962690114975,
        879.3686370849609,
        901.8816401958466,
        924.3658020496368,
        946.7947270870209,
        969.2236971855164,
        991.5490040779114,
        1013.8449609279633,
        1036.286770105362
    ],
    "vylist":[
        0.029695514571179225,
        0.018750697191952992,
        0.015313774417092836,
        0.009356555333504617,
        0.007548054245197046,
        0.004784879638150064,
        0.004323245330374001,
        0.0030065394216079898,
        0.0028291726845276308,
        0.002240577719372366,
        0.0020513208431262803,
        0.001827372627619889,
        0.0016814583223144816,
        0.0015884526871624942,
        0.0014097441997438253,
        0.001372258167271692,
        0.001248171246277378,
        0.0012620273585500828,
        0.0010922390554766012,
        0.0010562212651639294,
        0.000968343076097855,
        0.0009723707730349625,
        0.0008888627850935018,
        0.0008551230980525031,
        0.000824564772596144,
        0.0008306634562647373,
        0.0007559158328400466,
        0.0007323828981904602,
        0.0007025725522648647,
        0.000685209853176037,
        0.0006418447020995376,
        0.0006158905791572972,
        0.0006107372580219123,
        0.0005823652557025835,
        0.0005792063233965777,
        0.0005776863150548008,
        0.0005770056546369771,
        0.0005777953011185073,
        0.0005769381310115084,
        0.0005765874121099705,
        0.0005762564123492825,
        0.0005768287183605264,
        0.000576453835830521,
        0.0005764191362325425,
        0.0005761778881327468,
        0.000576309973487098,
        0.0005762135889254603,
        0.0005761968032839466,
        0.0005761940408798679,
        0.0005760932368862304
    ],
    "vulist":[
        0.04273912616429332,
        0.028141092101866563,
        0.022193412594272766,
        0.018209675938117745,
        0.01591005498415494,
        0.013200893767574395,
        0.012218514275006177,
        0.009427653278770166,
        0.009001063727927012,
        0.00850045460076708,
        0.0084782948416224,
        0.008110669804555784,
        0.00816472436894811,
        0.008035819039093724,
        0.008053644797443528,
        0.008018368244001635,
        0.008006521850795506,
        0.008011773123418275,
        0.007997478858837614,
        0.007986489043550505,
        0.00798809146427015,
        0.007990672139719057,
        0.007989151438606646,
        0.007986899248145184,
        0.007984866328842525,
        0.007990875650663871,
        0.007977663028737907,
        0.007980864409604145,
        0.007981704815510405,
        0.007979460089714048,
        0.007986725098464256,
        0.007973658881636151,
        0.007973527444069152,
        0.007972475947048537,
        0.007966069397268703,
        0.007962727163976722,
        0.007971600522358315,
        0.007959814487645848,
        0.007955068751294054,
        0.007951314794549436,
        0.007951846765015423,
        0.007950987532596708,
        0.007950664343737339,
        0.007949820943430113,
        0.007947907475670856,
        0.007947024360095855,
        0.00794702723675147,
        0.007946838916092295,
        0.007946296343459594,
        0.007945790572197992
    ],
    "curvcon":[
        0.046064730420265126,
        3.488935925288773e-05,
        3.811671400093933e-06,
        8.568857892203413e-07,
        2.4916827365514924e-06,
        1.7877777913920573e-06,
        2.731082826041938e-07,
        8.016960776894744e-07,
        2.1572065663045602e-07,
        7.60165644813231e-08,
        6.477932769299617e-09,
        1.0861175395492174e-07,
        9.108918533162495e-08,
        3.4743790565256435e-08,
        1.375753960536634e-08,
        6.079619606235264e-09,
        8.257043499770022e-10,
        2.062620622204248e-09,
        1.2896265828487247e-09,
        2.0317971150543206e-09,
        6.289747143464946e-10,
        9.419766845656116e-10,
        6.764756247186754e-10,
        3.584020796021771e-10,
        1.0576504447378849e-10,
        1.0790066199977981e-08,
        7.081111244511624e-09,
        4.444057968636024e-09,
        1.2870955573921337e-09,
        8.923611259953911e-10,
        3.9486696036831326e-09,
        3.3091379489432823e-09,
        8.016709763087396e-11,
        2.525950836461768e-09,
        7.362609764212344e-10,
        3.3251462650089017e-10,
        9.931945732282932e-10,
        7.674526131464587e-10,
        1.1606803009549862e-10,
        9.199959948075515e-11,
        3.455253511171925e-10,
        5.032597517032544e-11,
        7.112420229516757e-13,
        1.4615776377280127e-10,
        7.805625923982857e-10,
        3.3150804886032324e-11,
        2.784018278607541e-12,
        3.190424348519456e-12,
        5.816142357409112e-12
    ],
    "walltime":1036.286770105362,
    "endouteriter":49,
    "lastvy":0.0005760932368862304,
    "lastvu":0.007945790572197992
}