{
    "dataname":"500points",
    "expname":"ABt1m1",
    "bw":100,
    "out_iter":30,
    "inner_iter":[
        400,
        400,
        400
    ],
    "stepsize":1.0,
    "decay_rate":1.0,
    "memory":1,
    "timelist":[
        4.904691934585571,
        9.813008785247803,
        14.670767068862915,
        19.490596055984497,
        24.347105979919434,
        29.223155975341797,
        34.076858043670654,
        39.04306387901306,
        44.11315083503723,
        49.388185024261475,
        54.63316488265991,
        59.676339864730835,
        64.91276788711548,
        70.34991693496704,
        75.59521675109863,
        80.87929391860962,
        86.1704797744751,
        91.47537779808044,
        96.52145791053772,
        102.1530020236969,
        107.47092294692993,
        112.62346482276917,
        117.78145408630371,
        123.03157877922058,
        128.26223587989807,
        133.645015001297,
        138.784893989563,
        144.14592695236206,
        149.45368909835815,
        154.61409187316895
    ],
    "vylist":[
        0.034691907823578165,
        0.030258286618646355,
        0.029384983510984463,
        0.0024136478755091293,
        0.001305929787572592,
        0.00106118941454722,
        0.000966750940467318,
        0.0003677933202092311,
        0.0002576632562617551,
        0.00023755807056152734,
        0.00018446723127881642,
        0.0002048529796521781,
        0.00023418533855591598,
        0.00020926122305443346,
        0.00019315147164135013,
        0.0006571247304545594,
        0.0001636721295181395,
        0.00016215395029248465,
        0.0007239133217510545,
        0.00017203245176495056,
        0.00015831094410165606,
        0.0001570437941729759,
        0.0002499478667014965,
        0.00015498863792654118,
        0.00013774162942206897,
        0.0002674425334875386,
        0.00013784830218490054,
        0.00013290506059893543,
        0.0005250669552235049,
        0.00013338699866951922
    ],
    "vulist":[
        0.8803927039992322,
        0.856073886771735,
        0.1470995742506978,
        0.12345563831624577,
        0.1073391352599489,
        0.054375477621060916,
        0.0402743770788795,
        0.0362366370274485,
        0.032130540103510526,
        0.027963730750165283,
        0.02371285437110266,
        0.020819951812352966,
        0.01972419835929542,
        0.018847261407652825,
        0.02216421077806634,
        0.015404518758337924,
        0.015291464932727202,
        0.025505619072796495,
        0.014578879129049926,
        0.014296365701744517,
        0.014162069325360079,
        0.013126454034103065,
        0.012490344563251259,
        0.012527269100193925,
        0.014138949826587588,
        0.012272388980728403,
        0.012026799736057638,
        0.016938791778458067,
        0.011507981916478383,
        0.011715108807430555
    ],
    "curvcon":[
        0.0007679822411273561,
        0.11199539116519887,
        0.02725880365114727,
        0.0001221251654730498,
        4.354104889834689e-06,
        9.951472411094057e-05,
        3.5866424233426144e-05,
        1.808265709171823e-06,
        1.1484992148186273e-06,
        6.606843729433838e-07,
        5.220047295224782e-07,
        4.586528756323768e-07,
        1.8435178895613088e-07,
        2.1914766507706066e-08,
        1.4627194255650705e-05,
        1.1282939055109739e-05,
        7.81414840399742e-09,
        1.6413551743970773e-05,
        1.2620124755930783e-05,
        2.4787426994623605e-07,
        1.1330589108924598e-09,
        1.2920334254275336e-06,
        7.261192042220344e-07,
        7.398244384124819e-09,
        2.5927999830541144e-06,
        1.7629724500222983e-06,
        5.233966296273489e-09,
        9.073753106578704e-06,
        7.0733618585418176e-06
    ],
    "walltime":154.61409187316895,
    "endouteriter":29,
    "lastvy":0.00013338699866951922,
    "lastvu":0.011715108807430555
}