{
    "dataname":"500points",
    "expname":"ABt1m4",
    "bw":100,
    "out_iter":30,
    "inner_iter":[
        400,
        400,
        400
    ],
    "stepsize":1.0,
    "decay_rate":1.0,
    "memory":4,
    "timelist":[
        2.9162678718566895,
        5.817138195037842,
        8.649005889892578,
        11.473010063171387,
        14.280548095703125,
        17.045196056365967,
        19.835994005203247,
        22.641308069229126,
        25.427025079727173,
        28.259891986846924,
        31.05696392059326,
        33.966917991638184,
        36.745261907577515,
        39.686716079711914,
        42.64247488975525,
        45.49281406402588,
        48.41700506210327,
        51.20268511772156,
        54.11937189102173,
        57.06339693069458,
        59.891088008880615,
        62.78010416030884,
        65.67035102844238,
        68.42844891548157,
        71.28222990036011,
        74.22339200973511,
        77.14267206192017,
        79.96857905387878,
        82.78563189506531,
        85.81810402870178
    ],
    "vylist":[
        0.14807560067519412,
        0.14942031232468211,
        2.6229120323433532,
        0.032178277252734595,
        0.010009402107901005,
        0.0033351367950029943,
        0.002025619056685624,
        0.0011903744389061327,
        0.0009469948408723051,
        0.0005971844655385373,
        0.0005439535071977892,
        0.00034959459660444526,
        0.0003437127380626239,
        0.0002324931238497304,
        0.00025187707045289413,
        0.0001974117759918215,
        0.00021011238174843956,
        0.0002284331302993424,
        0.00019746630192940851,
        0.0001616009790780397,
        0.00012916180332464146,
        0.00017689564714721594,
        0.0001126299028713544,
        0.00011020012500648388,
        0.00010512170357933258,
        8.849642423213601e-05,
        8.748950500230366e-05,
        8.004384669035638e-05,
        9.456038242280427e-05,
        8.148189778399016e-05
    ],
    "vulist":[
        1.0005375549449342,
        15.876070321663635,
        0.23095091748566676,
        0.11423113365844766,
        0.11270181128832214,
        0.04431357808522209,
        0.026939965749170226,
        0.016993295072771756,
        0.011517535190180003,
        0.008725833254543347,
        0.006662229046599614,
        0.00507585475115567,
        0.004245713998762392,
        0.003853677109913176,
        0.004027604141025613,
        0.003891212482147416,
        0.003931763647863545,
        0.00380341932357264,
        0.0035661585432381665,
        0.003347162683747761,
        0.0033496068206080817,
        0.0034369251227525013,
        0.002941757805251165,
        0.002789270437150804,
        0.0028669208209479153,
        0.0028093301437309625,
        0.002784047556816466,
        0.0027607755344528358,
        0.0025897458191808287,
        0.002596867195619706
    ],
    "curvcon":[
        1.1605745778204757e-05,
        446.79153509083403,
        407.7058579724488,
        0.04174696703199645,
        0.020565382503603707,
        0.01821384098698805,
        0.0011362218016338977,
        0.0009395430907933999,
        0.00017674026815092108,
        4.920237152910471e-05,
        5.2588814822007595e-05,
        1.3646234755706319e-05,
        9.499679560041346e-06,
        4.169147919032734e-06,
        2.525598831419107e-06,
        3.3362556204128497e-07,
        1.5720282866461115e-06,
        3.974429270096267e-07,
        2.5403564192972898e-06,
        1.3827939083388293e-06,
        1.982069111808244e-06,
        4.334063508746294e-06,
        2.1164110185568074e-06,
        7.889780158511781e-07,
        2.0676306826473268e-07,
        8.580208610987064e-08,
        2.3551555043857217e-08,
        3.4424744466380394e-08,
        2.162333450715125e-07
    ],
    "walltime":85.8188259601593,
    "endouteriter":29,
    "lastvy":8.148189778399016e-05,
    "lastvu":0.002596867195619706
}