{
    "dataname":"4000points",
    "expname":"At1",
    "bw":100,
    "out_iter":20,
    "inner_iter":[
        500,
        500,
        5000
    ],
    "stepsize":0.2,
    "decay_rate":1.0,
    "timelist":[
        73.2754077911377,
        146.16850090026855,
        217.10626792907715,
        285.07447600364685,
        362.6878068447113,
        977.7531881332397,
        1049.8998429775238,
        1120.128331899643,
        1191.114415884018,
        1261.93701505661,
        1337.1862468719482,
        1411.2926058769226,
        1485.8235158920288,
        1553.9890780448914,
        1626.8721520900726,
        1700.549519777298,
        1770.6528260707855,
        1844.483242034912,
        1917.5378589630127,
        1988.4504461288452
    ],
    "walltime":1988.4504461288452,
    "endouteriter":19
}