{
    "dataname":"1500points",
    "expname":"At2",
    "bw":100,
    "out_iter":30,
    "inner_iter":[
        1000,
        1000,
        1000
    ],
    "stepsize":1,
    "decay_rate":1.0,
    "timelist":[
        59.92120289802551,
        120.75689888000488,
        185.1657350063324,
        250.8111128807068,
        317.1805818080902,
        385.2690649032593,
        451.7614748477936,
        516.8507928848267,
        581.5683479309082,
        649.8930728435516,
        719.3458878993988,
        788.2543978691101,
        856.7207319736481,
        924.0620009899139,
        993.238322019577,
        1062.625597000122,
        1131.9556920528412,
        1201.0670070648193,
        1270.6162219047546,
        1340.4967019557953,
        1410.1980948448181,
        1478.7410349845886,
        1546.5160739421844,
        1615.975965976715,
        1689.0643320083618,
        1762.4668219089508,
        1834.1794250011444,
        1905.1317749023438,
        1974.4141058921814,
        2037.8767349720001
    ],
    "walltime":2037.8767349720001,
    "endouteriter":29
}