{
    "dataname":"500points",
    "expname":"ABt1m3",
    "bw":100,
    "out_iter":30,
    "inner_iter":[
        400,
        400,
        400
    ],
    "stepsize":1.0,
    "decay_rate":1.0,
    "memory":3,
    "timelist":[
        2.8303370475769043,
        5.587255001068115,
        8.339168071746826,
        11.074653148651123,
        13.860994100570679,
        16.684548139572144,
        19.624948263168335,
        22.45578908920288,
        25.272226095199585,
        28.239423990249634,
        31.169893264770508,
        33.96540021896362,
        36.891990184783936,
        39.95019221305847,
        42.775684118270874,
        45.745819091796875,
        48.74809813499451,
        51.5565721988678,
        54.39702224731445,
        57.449822187423706,
        60.36400508880615,
        63.215161085128784,
        66.06450819969177,
        69.01497435569763,
        71.9197633266449,
        74.6186261177063,
        77.3982629776001,
        80.12753200531006,
        82.89818525314331,
        85.43219828605652
    ],
    "vylist":[
        0.15268112304944645,
        0.15435546897293628,
        0.2886723376551733,
        0.007106504711593282,
        0.0033902249691662263,
        0.0006868931337545686,
        0.0003788368809188482,
        0.0003337787544933182,
        0.00026805646104750147,
        0.0014019273480580913,
        0.0003210544890612455,
        0.00045719708145990507,
        0.00029540969479024514,
        0.00028226338806638213,
        0.00019993908726332674,
        0.00024578118614619827,
        0.00024233359822293547,
        0.0002077700852824651,
        0.00019701728896971194,
        0.00019320004736603035,
        0.00015180088352423948,
        0.00015735979101820158,
        0.00014351297143246877,
        0.00013633993079462857,
        0.00013607301100725412,
        0.00013594928683292922,
        0.00013594601099411964,
        0.00013064109974967862,
        0.00013421648058092086,
        0.00013419666310027532
    ],
    "vulist":[
        1.0197835735667975,
        1.4965599394440994,
        0.12352526997005207,
        0.07223356197433975,
        0.008763083028270868,
        0.0055319183802787315,
        0.0043724559032355444,
        0.00399905022565763,
        0.020741891130393094,
        0.004579147597822247,
        0.007648326638001302,
        0.004218623323113236,
        0.0037131498600315813,
        0.0032111766032240883,
        0.0031186033083107335,
        0.0029048827905588086,
        0.003207855868054439,
        0.0026962806541109847,
        0.002570236282914797,
        0.0021520369041985584,
        0.002202562876167309,
        0.00210913878566025,
        0.0018933588964214116,
        0.0019399667298463745,
        0.001851854997877565,
        0.0018516851232666285,
        0.0018486454043252936,
        0.0018492212863637013,
        0.0018490550278488535,
        0.0018487210905747669
    ],
    "curvcon":[
        8.226657046851774e-05,
        7.6344267308822085,
        2.5039913866765224,
        0.004353618045486819,
        0.004786005472793104,
        5.648860464460874e-05,
        4.430574911582896e-06,
        -1.8456391313392714e-07,
        0.0005608937244665998,
        0.0005168070448254093,
        4.297674516865139e-05,
        2.494639806365847e-05,
        1.954357837399768e-06,
        3.086943396776068e-07,
        2.9862940079260797e-07,
        3.2252966415826886e-07,
        1.3061425332855298e-06,
        5.737748665767491e-07,
        4.660350388996632e-08,
        6.146398175934539e-07,
        1.1794222011467782e-07,
        1.170615428321802e-07,
        5.080012858182072e-08,
        1.64732228446606e-08,
        5.0121629270228726e-09,
        3.857004560787724e-12,
        2.338279415080774e-09,
        5.6899912221263244e-12,
        3.847372986982576e-13
    ],
    "walltime":85.43296408653259,
    "endouteriter":29,
    "lastvy":0.00013419666310027532,
    "lastvu":0.0018487210905747669
}