{
    "dataname":"500points",
    "expname":"ABt2m2",
    "bw":100,
    "out_iter":30,
    "inner_iter":[
        400,
        400,
        400
    ],
    "stepsize":1.0,
    "decay_rate":1.0,
    "memory":2,
    "timelist":[
        2.974404811859131,
        5.8629069328308105,
        8.587960958480835,
        11.32384204864502,
        14.053954839706421,
        16.767518997192383,
        19.503225803375244,
        22.250609874725342,
        25.00531792640686,
        27.815919876098633,
        30.654424905776978,
        33.53887701034546,
        36.43722081184387
    ],
    "vylist":[
        0.14522957749702026,
        0.14855985798763494,
        1.8649489499375427,
        0.028549685147328085,
        0.0051179822877224015,
        0.0021607891957150472,
        0.0012492174337821647,
        0.001053006238738554,
        0.0008716867264000616,
        0.0012389006130653836,
        0.0008136836480521702,
        0.0006532168731552352,
        0.0006911254090162902
    ],
    "vulist":[
        0.9793504808697736,
        7.995392474663641,
        1.6433009224067316,
        1.0099826967579857,
        0.8395837522496994,
        0.8735999718257822,
        0.8322811691818286,
        0.8402622381753032,
        0.7246682827771258,
        0.7904258580726968,
        0.8014995796039797,
        0.8086782802429214,
        0.8142420428758324
    ],
    "curvcon":[
        2.0346967187551255e-05,
        126.60053028575113,
        107.57051926396865,
        0.7210988076105569,
        0.012715800152371552,
        0.0013668311767433994,
        0.0006949137725743761,
        0.00032774884224322844,
        0.00024109218076038335,
        0.00012362661161762612,
        3.2049910315108745e-05,
        3.431265012937046e-05
    ],
    "walltime":36.43722081184387,
    "endouteriter":12,
    "lastvy":0.0006911254090162902,
    "lastvu":0.8142420428758324
}