{
    "dataname":"1500points_1mu",
    "expname":"At3",
    "bw":100,
    "dw":100,
    "mu":1.0,
    "out_iter":50,
    "inner_iter":[
        400,
        400,
        400
    ],
    "stepsize":1,
    "decay_rate":1.0,
    "timelist":[
        19.263406991958618,
        38.88459897041321,
        58.728806018829346,
        78.64587593078613,
        98.52414894104004,
        118.53054785728455,
        138.4891550540924,
        158.41933512687683,
        178.4688150882721,
        198.4871530532837,
        218.62343382835388,
        238.75424599647522,
        258.9495038986206,
        279.09005212783813,
        299.38364005088806,
        319.70435905456543,
        339.75378704071045,
        359.74507904052734,
        379.8252000808716,
        399.9154329299927,
        420.13223695755005,
        440.21753096580505,
        460.1042778491974,
        480.21858978271484,
        500.1614120006561,
        520.522794008255,
        540.5668540000916,
        560.6689078807831,
        580.6946859359741,
        600.5690941810608,
        620.5857849121094,
        640.4994258880615,
        660.5718150138855,
        680.6685721874237,
        700.732439994812,
        720.6352920532227,
        740.7315330505371,
        760.6797978878021,
        780.7106831073761,
        800.6323728561401,
        820.863508939743,
        840.948205947876,
        861.024337053299,
        880.8315560817719,
        900.6766178607941,
        920.6743001937866,
        940.8800690174103,
        961.1725370883942,
        981.2054760456085,
        1001.0439879894257
    ],
    "vylist":[
        0.027744950890579254,
        0.017675303278035272,
        0.01496841097218617,
        0.013127308573905596,
        0.010000611519609483,
        0.009179784608160473,
        0.006612914945409966,
        0.0056173814681233355,
        0.004525823451632662,
        0.003585713884211342,
        0.0031552351696802097,
        0.0025764079077331653,
        0.002374871506286745,
        0.00200853358363823,
        0.001952808446165267,
        0.0015118593254290955,
        0.001500379357325625,
        0.001288923416619943,
        0.0012399453684423726,
        0.0011064819705492734,
        0.0011185943963751253,
        0.0009814031730959556,
        0.0010119238649419803,
        0.0009132906901176275,
        0.0009469083729343996,
        0.0008513453793499205,
        0.0008944999157757478,
        0.0008153458844602106,
        0.0008507709945364271,
        0.0007820897259420699,
        0.0008169470731883297,
        0.0007653227720602566,
        0.0007928342160218228,
        0.0007248846748797087,
        0.0007575460946951881,
        0.000710641551880864,
        0.000741185416337711,
        0.0006979395804782413,
        0.000713683424274706,
        0.0006619052527048231,
        0.0007012618516487578,
        0.0006517333783361408,
        0.0006834379158258784,
        0.0006379951127137004,
        0.0006710254861033391,
        0.0006340295002253224,
        0.0006560443931404036,
        0.0006202418894415909,
        0.0006535424843836583,
        0.0006117039008549181
    ],
    "vulist":[
        0.09106922351627625,
        0.024977194626755427,
        0.021824330799658613,
        0.01879151890415009,
        0.01697263056917008,
        0.01550055560036392,
        0.012803299363047683,
        0.011393329904839747,
        0.010749766918971233,
        0.009411110986813381,
        0.009029794533187729,
        0.008240354064877288,
        0.007532957831763159,
        0.007222418154558632,
        0.006401581311493159,
        0.0061797558708668225,
        0.006069691818952935,
        0.006009686469246665,
        0.0059612625852788785,
        0.005848440654141819,
        0.005788178572844752,
        0.0054165428384495215,
        0.005420611312732,
        0.005392305028294384,
        0.005394668808481632,
        0.005342660206068847,
        0.0053516803397868715,
        0.005314771548639105,
        0.005328758685602025,
        0.005262252860112699,
        0.005278536425441953,
        0.005251081339076468,
        0.005254991684141557,
        0.005246871024825757,
        0.005252771009120915,
        0.00524179136921296,
        0.005248010861708875,
        0.00523481689467957,
        0.005238963007766668,
        0.005230555091042041,
        0.0052340625657066936,
        0.005225957935511212,
        0.005228859671516977,
        0.005223816715131117,
        0.005222979544346103,
        0.005220739098912516,
        0.0052126909410498915,
        0.005213059798403392,
        0.005208685231012137,
        0.005203670246681077
    ],
    "walltime":1001.0627179145813,
    "endouteriter":49,
    "lastvy":0.0006117039008549181,
    "lastvu":0.005203670246681077,
    "bestValidation_y":0.0006117039008549181,
    "bestValidation_u":0.005203670246681077
}