{
    "dataname":"500points",
    "expname":"At1",
    "bw":100,
    "out_iter":30,
    "inner_iter":[
        400,
        400,
        400
    ],
    "stepsize":10,
    "decay_rate":1.0,
    "timelist":[
        4.331925868988037,
        8.795062065124512,
        13.390855073928833,
        17.994436025619507,
        22.8049578666687,
        27.889132976531982,
        32.722227811813354,
        37.46461296081543,
        42.214235067367554,
        46.99494385719299,
        51.75312304496765,
        56.369505882263184,
        61.14643907546997,
        65.96588683128357,
        70.79385805130005,
        75.53131318092346,
        80.52191400527954,
        85.38099193572998,
        89.92352294921875,
        94.45915102958679,
        99.12070393562317,
        103.9535961151123,
        108.46192002296448,
        113.0276358127594,
        117.628986120224,
        122.49420309066772,
        127.20952010154724,
        132.43024897575378,
        137.38492107391357,
        142.1286220550537
    ],
    "vylist":[
        0.02079461540304915,
        0.0019255443999133578,
        0.0015259213143023233,
        0.00118327329247078,
        0.001004240534039128,
        0.0008887593463958694,
        0.000754368846957838,
        0.0006796453695109069,
        0.0005805213046233799,
        0.0005348860236627176,
        0.00044426867153878774,
        0.0004066382439845094,
        0.00038907160512074003,
        0.00031202447566178166,
        0.00030912544363241893,
        0.0002621319738654533,
        0.0002596749370648192,
        0.00023058629245950075,
        0.00022635217422581347,
        0.00020037937649977131,
        0.0001981400337897198,
        0.00018070204823317392,
        0.0001704471959549091,
        0.00016840839396072664,
        0.00015639839568877206,
        0.00016349342410270135,
        0.00015542045409314186,
        0.00014708111947606828,
        0.0001357349098907379,
        0.00014125860152815913
    ],
    "vulist":[
        0.355608944591406,
        0.31952291013116113,
        0.29083993070949066,
        0.26341263003939347,
        0.23941426395403068,
        0.21680734479418734,
        0.19627086372376318,
        0.17844926331098068,
        0.1625781158415438,
        0.14826185061910926,
        0.13512615145974252,
        0.12332230305612232,
        0.11322706690761135,
        0.10314599006804992,
        0.09523035402768192,
        0.08793505212035056,
        0.08179123995678261,
        0.07634844886055389,
        0.0715623191682232,
        0.06696829921111398,
        0.0634254144549639,
        0.06052775566759218,
        0.058109985084847354,
        0.05610519330672205,
        0.05441521875622779,
        0.05300512666906888,
        0.052152919478653255,
        0.05118291770454073,
        0.05035987961375176,
        0.049760652188803774
    ],
    "walltime":142.1286220550537,
    "endouteriter":29,
    "lastvy":0.00014125860152815913,
    "lastvu":0.049760652188803774
}