{
    "dataname":"500points",
    "expname":"At1",
    "bw":100,
    "out_iter":30,
    "inner_iter":[
        400,
        400,
        400
    ],
    "stepsize":10,
    "decay_rate":1.0,
    "timelist":[
        4.56181001663208,
        8.959813833236694,
        13.365479946136475,
        17.876086950302124,
        22.289091110229492,
        26.749361991882324,
        31.421890020370483,
        36.003753900527954,
        40.6712589263916,
        45.311975955963135,
        49.789994955062866,
        54.26926898956299,
        58.81369185447693,
        63.30984306335449,
        67.9130609035492,
        72.45428514480591,
        76.93520092964172,
        81.48735904693604,
        86.07782506942749,
        90.64006400108337,
        95.24617600440979,
        99.99669408798218,
        104.65686202049255,
        109.19651985168457,
        113.73495984077454,
        118.6299340724945,
        123.65227699279785,
        128.56412386894226,
        133.4507999420166,
        138.37218403816223
    ],
    "vylist":[
        0.04268194399514998,
        0.029496418438674905,
        0.027147546703993528,
        0.026555758842110967,
        0.025153719911481843,
        0.02437240938585141,
        0.02285720845026039,
        0.02238563537839052,
        0.02039748956550056,
        0.018305574391400296,
        0.015136782881429039,
        0.012831718804798421,
        0.010226746134371299,
        0.00838087664761023,
        0.00633365657254523,
        0.004936344398273523,
        0.003154053950964152,
        0.002736061164938745,
        0.0019092178698613721,
        0.0013695875602466403,
        0.0008944919811453094,
        0.0007273784703296968,
        0.0006119572855448284,
        0.0005919849034494869,
        0.0004699473880442148,
        0.0003664470797998156,
        0.00025684312812540393,
        0.0002653979927415862,
        0.00021169656341099864,
        0.0002611133392778719
    ],
    "vulist":[
        0.7372109592592304,
        0.70404790496618,
        0.6613478783604151,
        0.6383275476431277,
        0.5990472484425989,
        0.5772411567314163,
        0.5474750262220588,
        0.5189598014158785,
        0.45783612168764803,
        0.39559924709518157,
        0.32122786813110843,
        0.2716110705794476,
        0.212974133822913,
        0.17632487808538327,
        0.12894481494667273,
        0.09663003890923567,
        0.07647938820958491,
        0.06970554689116477,
        0.049946779724912405,
        0.04692061160176943,
        0.03996748098250375,
        0.03966066082574907,
        0.03514597135510188,
        0.03521136450431625,
        0.03104036741513641,
        0.029645963257513338,
        0.027421552937808492,
        0.02653414231667325,
        0.025144975420291565,
        0.024905134626318527
    ],
    "walltime":138.37218403816223,
    "endouteriter":29,
    "lastvy":0.0002611133392778719,
    "lastvu":0.024905134626318527
}