{
    "dataname":"500points",
    "expname":"ABt1m10",
    "bw":100,
    "out_iter":30,
    "inner_iter":[
        400,
        400,
        400
    ],
    "stepsize":1.0,
    "decay_rate":1.0,
    "memory":10,
    "timelist":[
        2.9404609203338623,
        5.9471518993377686,
        8.802752017974854,
        11.583816051483154,
        14.431509971618652,
        17.34861707687378,
        20.237337827682495,
        23.041697025299072,
        25.86597490310669,
        28.719236850738525,
        31.626961946487427,
        34.41027307510376,
        37.337547063827515,
        40.22895789146423,
        43.02863383293152,
        45.80763387680054,
        48.577364921569824,
        51.36949896812439,
        54.125133752822876,
        56.95157194137573,
        59.828563928604126,
        62.70998692512512,
        65.6226818561554,
        68.52112698554993,
        71.54217290878296,
        74.49081993103027,
        77.50458717346191,
        80.43078517913818,
        83.28099203109741,
        86.2819459438324
    ],
    "vylist":[
        0.1495540472001316,
        0.15080493779982723,
        0.18966183726663488,
        0.003893730063144397,
        0.0008110779708661833,
        0.001069268548846928,
        0.0007103532011448468,
        0.000621844053763951,
        0.0005498892217431702,
        0.0005597415728712891,
        0.0004560278522890706,
        0.00037001024020268765,
        0.00043319584522756403,
        0.000334131394986139,
        0.0003102062007629596,
        0.048553046098878186,
        0.0009824927531203523,
        0.017822746695187318,
        0.0008074941148192101,
        0.0009281542430433266,
        0.0005074067042220542,
        0.0006738544097518994,
        0.0004766358705817237,
        0.00028644181925227444,
        0.0002747265135474026,
        0.00016755184388979487,
        0.00018720019977939262,
        0.00013197590865930708,
        0.00015050999024084476,
        0.0001033042567456681
    ],
    "vulist":[
        1.004304351493195,
        1.0160700691826297,
        0.02927123706369494,
        0.009203422065781121,
        0.006697422768103432,
        0.004692204294565743,
        0.003978173099979915,
        0.0038450756429990905,
        0.0034064699261619385,
        0.0030078416832816004,
        0.004683952457978131,
        0.002427257917611878,
        0.0019903843890080996,
        0.0018317889181857835,
        0.6954321207851124,
        0.03849637126676374,
        0.3166484049249707,
        0.02477363323063874,
        0.022997630355814862,
        0.015388547672300884,
        0.017144615617734,
        0.005204569251878659,
        0.003804553183454604,
        0.004885306020197296,
        0.00268745515948656,
        0.0033643798325121714,
        0.0027601775123784252,
        0.0023970535199649068,
        0.0023645965896410192,
        0.0023966899269367574
    ],
    "curvcon":[
        9.945046107617177e-05,
        5.172027669861796,
        1.2297900686465437,
        0.001202513295889974,
        2.282634750915352e-05,
        3.8696439873010083e-05,
        7.732612720559917e-06,
        5.59658786014028e-06,
        1.3540103301150547e-06,
        2.0394268777116962e-07,
        4.00664452021067e-05,
        3.33996844199665e-05,
        6.523047822143354e-07,
        -4.756407799983208e-09,
        0.7247748949302439,
        0.7252938082588741,
        0.05822451190846252,
        0.05656936486694492,
        0.000579219697596989,
        0.0004457118261603591,
        0.0004437322788968988,
        0.00020949523573186895,
        8.218516819520783e-06,
        1.9967523459359866e-06,
        5.450906120941807e-06,
        5.073079826405734e-07,
        3.1184776321971724e-07,
        1.1179318516312274e-07,
        1.0390653998522883e-07
    ],
    "walltime":86.2827000617981,
    "endouteriter":29,
    "lastvy":0.0001033042567456681,
    "lastvu":0.0023966899269367574
}