{
    "dataname":"500points",
    "expname":"ABt1m2",
    "bw":100,
    "out_iter":30,
    "inner_iter":[
        400,
        400,
        400
    ],
    "stepsize":1.0,
    "decay_rate":1.0,
    "memory":2,
    "timelist":[
        4.8551390171051025,
        9.695333003997803,
        14.5222909450531,
        19.592565059661865,
        24.656360864639282,
        29.68268322944641,
        34.44372510910034,
        39.304028034210205,
        44.11874198913574,
        49.061172008514404,
        54.2286581993103,
        59.379189014434814,
        64.559809923172,
        69.58004307746887,
        74.57553195953369,
        79.76320791244507,
        85.01155614852905,
        90.2666130065918,
        95.57140302658081,
        100.54992413520813,
        105.83053803443909,
        111.24587416648865,
        116.73603200912476,
        122.26025390625,
        127.582515001297,
        132.78212809562683,
        138.3156590461731,
        143.5435619354248,
        148.8822991847992,
        154.57605600357056
    ],
    "vylist":[
        0.04885722004504714,
        0.04191159835561049,
        0.021989369354038345,
        0.002370972371242917,
        0.0017508183024246566,
        0.001799458600814625,
        0.001667451903195004,
        0.0015113629968446743,
        0.0023157597889722115,
        0.0006064338389548778,
        0.0004098885607865014,
        0.00036891696794393735,
        0.00031444194117207825,
        0.00029018307785796504,
        0.0002292055344523071,
        0.00019223052057957583,
        0.0002786982044183685,
        0.00020697143088724336,
        0.00016967521150359688,
        0.00017130273249709422,
        0.00020665101307415647,
        0.00015992671113574294,
        0.0001597153277988219,
        0.00015003566766020294,
        0.00015085966916252567,
        0.00031067186526685653,
        0.00014122037838335577,
        0.00013995725290781748,
        0.0007895951663302825,
        0.00015602518289570142
    ],
    "vulist":[
        1.232950481214609,
        0.6981936454118834,
        0.3236082921909071,
        0.2952175616446031,
        0.26278186542714377,
        0.20086171863814076,
        0.11228200132415195,
        0.09570726933566265,
        0.06579428132041738,
        0.058815175763785296,
        0.049937996394565254,
        0.03858362670800185,
        0.02910133358565393,
        0.027619750841507307,
        0.024430605228541246,
        0.0223679170662029,
        0.020996649716457552,
        0.020072602269158957,
        0.019513604793452162,
        0.014384828609720143,
        0.01338242575992055,
        0.01480980951752363,
        0.014023101462723326,
        0.014094949811313744,
        0.016825209820546222,
        0.013255873434418275,
        0.012966413973298159,
        0.01994771973758087,
        0.01191829937170792,
        0.012171742202746302
    ],
    "curvcon":[
        0.001907049204807197,
        0.12048252541656082,
        0.014293387916265604,
        0.00012366993714188265,
        3.0591627771060286e-05,
        4.890107906740254e-05,
        6.454960827086156e-05,
        0.00030836018952254586,
        0.0001223670974996275,
        4.593628446584406e-06,
        2.0690881288473696e-06,
        2.6270965730504603e-06,
        3.286886628526553e-06,
        5.726434811443118e-07,
        3.7351099187570513e-07,
        2.3178877736034427e-06,
        7.125121312214198e-07,
        2.657658565955525e-07,
        7.423137624242633e-09,
        2.1286982733357016e-06,
        7.509601938933783e-07,
        6.658805101508146e-07,
        1.64366506636549e-07,
        1.4219100854769442e-09,
        2.6900199479273064e-06,
        1.8135158865106788e-06,
        6.34942548021392e-09,
        1.8200749958034085e-05,
        1.5483029402151904e-05
    ],
    "walltime":154.57605600357056,
    "endouteriter":29,
    "lastvy":0.00015602518289570142,
    "lastvu":0.012171742202746302
}