{
    "dataname":"1000points",
    "expname":"ABt1mu1m2",
    "bw":100,
    "dw":100,
    "mu":1.0,
    "out_iter":50,
    "inner_iter":[
        400,
        400,
        400
    ],
    "stepsize":1.0,
    "decay_rate":1.0,
    "memory":2,
    "timelist":[
        29.847643852233887,
        59.44650602340698,
        89.63275003433228,
        120.02849292755127,
        150.25019192695618,
        180.508850812912,
        211.13173604011536,
        241.67881894111633,
        273.4982798099518,
        305.2623600959778,
        338.36344385147095,
        370.40774393081665,
        402.2449309825897,
        434.1408488750458,
        466.1938970088959,
        498.1677088737488,
        530.140261888504,
        562.2486641407013,
        593.5574331283569,
        624.8794858455658,
        656.5469057559967,
        687.8553850650787,
        719.7782080173492,
        751.551599740982,
        783.2103190422058,
        814.6722140312195,
        846.0129909515381,
        877.4516611099243,
        908.8827469348907,
        940.3253030776978,
        971.7861430644989,
        1003.320806980133,
        1034.148452758789,
        1065.2857007980347,
        1096.4603090286255,
        1130.4678909778595,
        1164.8342521190643,
        1197.8658728599548,
        1232.2023620605469,
        1266.1150479316711,
        1300.4919509887695,
        1334.5702798366547,
        1364.5588657855988,
        1396.6993210315704,
        1428.593297958374,
        1463.0854198932648,
        1497.4738869667053,
        1531.9163229465485,
        1566.2304649353027,
        1600.497253894806
    ],
    "vylist":[
        0.028387210759201267,
        0.021636562640906465,
        0.01707446798564415,
        0.014572188017727946,
        0.011268021363909921,
        0.008862619974017672,
        0.0073331527362782535,
        0.006051410749704323,
        0.005163157999346609,
        0.0041668250055532175,
        0.0037285966093143757,
        0.0031867389506674707,
        0.002793655706835392,
        0.0024519645492893953,
        0.0023642721370886375,
        0.002106537351443207,
        0.001947133589500547,
        0.0017506377018756067,
        0.0017074615243427248,
        0.001570438968552877,
        0.0015168519972464769,
        0.0013526097244202081,
        0.001254048585875843,
        0.001188794155538802,
        0.0011591699491904468,
        0.0010864578855269938,
        0.0010786365390681716,
        0.0010187630906899963,
        0.0010220725234486965,
        0.0009601388288977713,
        0.0009457384173193563,
        0.0008823028721350162,
        0.0008970505786805454,
        0.000840919062359588,
        0.0008686088148531625,
        0.000799267580814188,
        0.0007697663873794189,
        0.0007184812348603936,
        0.0007346742121656746,
        0.0006796635226757441,
        0.0006972563391624953,
        0.0006548983783969798,
        0.0006647232877369072,
        0.0006372349104993941,
        0.0006516257833492139,
        0.0006114496571018938,
        0.0006342854222521821,
        0.000592992165753037,
        0.000611786380882844,
        0.0005889048976938421
    ],
    "vulist":[
        0.04922974266969798,
        0.024457405250176575,
        0.01823261514693483,
        0.016648073256010754,
        0.015644714775745597,
        0.014117684021404169,
        0.011022320276126043,
        0.010568823212143722,
        0.009195069640427949,
        0.00843355544662654,
        0.007151000691457974,
        0.00696298080998412,
        0.006918013754807329,
        0.0068666219463618065,
        0.006853689519002839,
        0.006847449466108232,
        0.006844039552318946,
        0.007150825377011185,
        0.0068150326206618955,
        0.006790674837779573,
        0.006786225447878483,
        0.006778973814541109,
        0.006779557738580195,
        0.0067845010959802915,
        0.006809828423464846,
        0.006769828598665253,
        0.006768537958759212,
        0.006762093267624799,
        0.006760819557872545,
        0.006760057319106954,
        0.0072686601468883545,
        0.006747717846277895,
        0.0067432733098848775,
        0.006743368322519399,
        0.006743384587368205,
        0.006744194525779075,
        0.006743501327584756,
        0.006742671660085622,
        0.0067416957548402405,
        0.006740992232640986,
        0.006741497113308563,
        0.006741392177241749,
        0.00682957604476796,
        0.006732895115563019,
        0.0067322234365909854,
        0.0067319073079863375,
        0.006731827230719108,
        0.006731532050270674,
        0.006731143493922102,
        0.006730650659495504
    ],
    "curvcon":[
        0.036684317644694715,
        7.18593446146849e-05,
        5.520294227932257e-06,
        7.849571110815593e-07,
        1.032323816364958e-07,
        1.8991712599028645e-06,
        2.4892415709584335e-06,
        1.5324614242635968e-06,
        3.3708653177737087e-07,
        3.747345010984968e-07,
        4.152108957314646e-07,
        1.0553545410006556e-07,
        5.754228235643899e-09,
        6.769990515301717e-09,
        8.229413108758423e-09,
        2.2863728832049177e-09,
        1.7205028923251349e-10,
        1.5595496851391682e-07,
        1.2932721495494078e-07,
        3.2505372402655547e-09,
        5.69064628104886e-09,
        3.903651332997056e-09,
        -3.9534851491679187e-10,
        2.5115279369891062e-09,
        2.5545755157513622e-08,
        1.2801726861821682e-08,
        3.734729620620228e-09,
        2.0389405521859862e-09,
        5.297428182144757e-10,
        3.3445348854945855e-11,
        2.283955399475449e-07,
        2.0862872629124364e-07,
        1.4541409373818337e-09,
        1.4661985039338507e-09,
        7.281082336499538e-11,
        6.116630524234908e-10,
        8.243418958285542e-11,
        2.673256560236906e-11,
        7.655768764153519e-12,
        6.626279856939686e-11,
        5.512874785479029e-11,
        7.864551264942467e-13,
        3.6121879690497025e-08,
        3.5629629715787865e-08,
        4.1748535065339425e-10,
        2.4265730814553947e-11,
        5.196727810719868e-12,
        3.6314094222333754e-11,
        4.677350761632213e-11
    ],
    "walltime":1600.497253894806,
    "endouteriter":49,
    "lastvy":0.0005889048976938421,
    "lastvu":0.006730650659495504
}