{
    "dataname":"1000points",
    "expname":"ABt1mu1m3",
    "bw":100,
    "dw":100,
    "mu":1.0,
    "out_iter":50,
    "inner_iter":[
        400,
        400,
        400
    ],
    "stepsize":1.0,
    "decay_rate":1.0,
    "memory":3,
    "timelist":[
        29.82383418083191,
        60.000683069229126,
        90.2953200340271,
        120.83560395240784,
        150.98689723014832,
        181.98242712020874,
        212.3912000656128,
        243.32203912734985,
        273.79484486579895,
        305.02603912353516,
        335.6870241165161,
        366.3328080177307,
        397.15298414230347,
        428.1660990715027,
        459.1621000766754,
        490.1009850502014,
        521.0791630744934,
        551.803209066391,
        582.9553511142731,
        613.8089320659637,
        644.709358215332,
        675.6530470848083,
        706.4932270050049,
        737.1738231182098,
        768.057911157608,
        799.2441248893738,
        830.1859700679779,
        861.1411299705505,
        892.1877009868622,
        923.2972280979156,
        954.1885931491852,
        985.3137559890747,
        1016.3948609828949,
        1046.9722130298615,
        1077.9360609054565,
        1109.135339975357,
        1139.954705953598,
        1170.978364944458,
        1201.999480009079,
        1234.295336008072,
        1267.2939500808716,
        1300.282252073288,
        1332.953292131424,
        1365.7330071926117,
        1398.2815380096436,
        1433.7059478759766,
        1464.752935886383,
        1495.6541628837585,
        1529.2615768909454,
        1559.8669850826263
    ],
    "vylist":[
        0.030705582057793748,
        0.021597921015546417,
        0.014727713323265609,
        0.010404705555840707,
        0.007521998819773192,
        0.005675217978092132,
        0.004007269202061873,
        0.003131029391327089,
        0.002610608183583837,
        0.0021330047717555136,
        0.0019546316613734196,
        0.0016128151638604993,
        0.0015352096349960129,
        0.0013048659887097869,
        0.001364696980755921,
        0.001166019201647234,
        0.001232736411059754,
        0.0010744397534623534,
        0.0011183889803153177,
        0.0010374543897289433,
        0.0009834694937691881,
        0.0009317427255217432,
        0.0008725830140919829,
        0.0009695081948514931,
        0.0007764403311849231,
        0.0009148655135835588,
        0.0006979581134190199,
        0.0008666134507872104,
        0.0006558293446226645,
        0.0007639109673719728,
        0.0006187231473717534,
        0.0007165928199733758,
        0.0005852783095022196,
        0.0007804280858558694,
        0.0005068799195156621,
        0.0006652657863243329,
        0.0004634836989288736,
        0.0006678681178788621,
        0.0004190532013218741,
        0.00041885204074184387,
        0.0004185338514475502,
        0.00041845206767350556,
        0.00041840387106963,
        0.0004182885435575572,
        0.0004182499413088711,
        0.00041819428320448963,
        0.0004105898743923843,
        0.0003998165356068679,
        0.0004033821061816155,
        0.0003941460202679721
    ],
    "vulist":[
        0.05689270595407518,
        0.035463158624919895,
        0.027031383731964953,
        0.023276012405293995,
        0.021442201144782628,
        0.020282271693605226,
        0.01990548482122429,
        0.019429302247892622,
        0.01891024253091604,
        0.018451916617329207,
        0.018442582930294587,
        0.018398942492014406,
        0.018379664365263868,
        0.018388387832627646,
        0.015232325158486243,
        0.014274193721813766,
        0.013755284373130013,
        0.013748108434633371,
        0.013774307639445926,
        0.012133659962916465,
        0.011991396222237693,
        0.011691831318310617,
        0.011266092423699674,
        0.011260099931155476,
        0.011228258643000928,
        0.010874715021238166,
        0.01088974202724529,
        0.010880741063140117,
        0.010884150150771108,
        0.01088284644858651,
        0.010879782780866645,
        0.010877953181742799,
        0.010876191810978007,
        0.010874461565239356,
        0.01087580436838426,
        0.01087445775663717,
        0.010872441100203202,
        0.010871256038421774,
        0.01087055965219438,
        0.010869881835970107,
        0.010869437371298406,
        0.010868888682917873,
        0.010868359352577909,
        0.010868283503476857,
        0.010868297520468197,
        0.010984484046118317,
        0.010859264864131423,
        0.01085894154796828,
        0.010858213473830538,
        0.010861576825019438
    ],
    "curvcon":[
        0.14424579435615803,
        9.031318964027573e-05,
        1.0698801376263647e-05,
        3.135980052473047e-06,
        6.717589714142847e-07,
        3.2008667823124134e-07,
        3.3975148405251164e-07,
        2.3360519514279877e-07,
        1.7686129279075728e-06,
        7.581140337597834e-07,
        1.417072310118139e-08,
        6.695482712990515e-09,
        3.5782610630877086e-07,
        4.965014581815626e-07,
        2.0661816246493275e-06,
        7.265310579002991e-07,
        3.6745315678344845e-07,
        4.0038563161001396e-09,
        3.3918838141206105e-08,
        1.0640434877821117e-06,
        1.8670090405537244e-07,
        1.654085265913978e-07,
        3.304678034834978e-07,
        1.7352271115362756e-09,
        1.1552887380733744e-08,
        1.7232285785510293e-07,
        4.455642758140564e-09,
        2.1621252943782465e-09,
        5.4470346440762265e-09,
        7.206107635584461e-10,
        6.78774166252734e-10,
        3.055306469736536e-09,
        8.236072772879427e-10,
        5.029913561919051e-10,
        1.9836718153799207e-09,
        1.4868905064113127e-10,
        2.455647509426829e-09,
        1.3784831744581344e-10,
        3.369307931365376e-10,
        5.922826370205362e-10,
        6.754142189151575e-11,
        4.9524904362894824e-11,
        4.2317325528541776e-11,
        -2.5328588908448304e-12,
        3.326141882355796e-12,
        7.582502913797036e-08,
        7.629531405101021e-08,
        1.9151220206799274e-09,
        -1.181345392671901e-10
    ],
    "walltime":1559.8669850826263,
    "endouteriter":49,
    "lastvy":0.0003941460202679721,
    "lastvu":0.010861576825019438
}