{
    "dataname":"500points",
    "expname":"ABt1",
    "bw":100,
    "out_iter":30,
    "inner_iter":[
        400,
        400,
        400
    ],
    "stepsize":1.0,
    "decay_rate":1.0,
    "memory":1,
    "timelist":[
        2.886190891265869,
        5.684505939483643,
        8.455656051635742,
        11.26820683479309,
        14.127023935317993,
        16.91744589805603,
        19.69174885749817,
        22.46214723587036,
        25.25218415260315,
        28.189823150634766,
        31.142704010009766,
        33.90844130516052,
        36.81865096092224,
        39.726722240448,
        42.68786120414734,
        45.5862820148468,
        48.52149415016174,
        51.40056896209717,
        54.42594599723816,
        57.44281005859375,
        60.29054403305054,
        63.07611393928528,
        65.8038260936737,
        68.4817750453949,
        70.93718886375427,
        73.39980292320251,
        76.21969795227051,
        79.07010507583618,
        81.88771796226501,
        84.68815207481384
    ],
    "vylist":[
        0.14930470613127897,
        0.1507875951609137,
        0.02104370524177817,
        0.00438317141175374,
        0.0010598871239252262,
        0.0005996765320812435,
        0.00033812458543344784,
        0.0002660509896266993,
        0.00020180999571791936,
        0.00017078392876178336,
        0.00012732464965468132,
        0.00014354794044557742,
        0.00014433729634095898,
        9.188831854937389e-05,
        9.908891558625996e-05,
        8.855239564843477e-05,
        0.00014935084677490017,
        9.829999271168532e-05,
        7.57410746862093e-05,
        8.349596488817812e-05,
        8.395781084119373e-05,
        8.749387809480719e-05,
        8.677835646828191e-05,
        8.9375045255595e-05,
        8.933313537274672e-05,
        8.934743124436072e-05,
        8.68381294570519e-05,
        7.672560076064787e-05,
        8.511587235894619e-05,
        8.002912792188515e-05
    ],
    "vulist":[
        0.9993987104317,
        0.3452240232791833,
        0.03840770202613341,
        0.007045563677067934,
        0.005370851368069316,
        0.004470060150473108,
        0.003918629748811366,
        0.0035679016528197896,
        0.0033895222510020423,
        0.0027658826350650976,
        0.0025671785199348008,
        0.0025021373107099363,
        0.0017518422347978589,
        0.0014131520638725758,
        0.0013609218409727497,
        0.0018782925580798698,
        0.0013077130826188326,
        0.0012397318864432656,
        0.0012414569808942694,
        0.0012233335005633148,
        0.0011946079027653675,
        0.001201686739070394,
        0.0012007987937126608,
        0.0012004478546022677,
        0.0012004433744889234,
        0.0012008137069116024,
        0.0011874095363758734,
        0.0011891510575434646,
        0.001142612822680426,
        0.0011377797112476435
    ],
    "walltime":84.68883013725281,
    "endouteriter":29,
    "lastvy":8.002912792188515e-05,
    "lastvu":0.0011377797112476435
}