{
    "dataname":"1500points_075mu",
    "expname":"At4_075mu",
    "bw":100,
    "dw":100,
    "mu":0.75,
    "out_iter":50,
    "inner_iter":[
        400,
        400,
        400
    ],
    "stepsize":1,
    "decay_rate":1.0,
    "timelist":[
        19.266977071762085,
        39.13218903541565,
        58.99540400505066,
        78.89062595367432,
        98.83525896072388,
        118.73748779296875,
        138.73019909858704,
        158.77988004684448,
        179.07022786140442,
        199.22378706932068,
        219.28316402435303,
        239.09701895713806,
        259.0220069885254,
        278.947096824646,
        298.7705338001251,
        318.76781702041626,
        338.44478487968445,
        358.21980381011963,
        378.0464127063751,
        398.1038889884949,
        417.8844928741455,
        437.9531729221344,
        457.7596187591553,
        477.6942160129547,
        497.72497391700745,
        517.8533039093018,
        537.9260768890381,
        557.6783809661865,
        577.7403018474579,
        597.7032189369202,
        617.7109520435333,
        637.7851758003235,
        657.4151020050049,
        677.3319108486176,
        696.9956228733063,
        718.3980889320374,
        739.7737748622894,
        761.1422600746155,
        782.5688409805298,
        804.0873458385468,
        825.4663269519806,
        846.6407108306885,
        868.0931289196014,
        889.3596968650818,
        910.5920970439911,
        932.0120298862457,
        953.3986687660217,
        974.6473627090454,
        996.0239789485931,
        1017.531063079834
    ],
    "vylist":[
        0.03376904403070161,
        0.017023727023255563,
        0.01252703250926189,
        0.008282388868192268,
        0.005773557793106171,
        0.0043723566062761655,
        0.0030235231987596777,
        0.0027262571868054437,
        0.001992518177763094,
        0.0020167102644770988,
        0.0014945057133046783,
        0.001541406545817838,
        0.0012353176617166941,
        0.0011642991505436528,
        0.0009853492004752108,
        0.0009313180244917242,
        0.000838447909541613,
        0.0008200068868442051,
        0.0007577996553106039,
        0.000747865875818335,
        0.0007038814717601334,
        0.0006913437021805431,
        0.0006432546082844534,
        0.0006172806150181573,
        0.0005719931159492131,
        0.0006082615145591811,
        0.0005355340206684474,
        0.0005228250533612822,
        0.0005083134428793738,
        0.0005040000834815998,
        0.0004914342742953916,
        0.00047954794544725015,
        0.0004678738309248542,
        0.0004638485239446362,
        0.0004526169401094714,
        0.0004507956671957356,
        0.0004355441398725992,
        0.0004248874422181756,
        0.0004197595513453333,
        0.0004061256858476894,
        0.00039972324301805484,
        0.000392626633155277,
        0.00039253876869200117,
        0.00037848695246931027,
        0.0003764816848802558,
        0.0003677408751590932,
        0.00036667195556736243,
        0.0003571581596135354,
        0.0003602753243174628,
        0.0003432340586690795
    ],
    "vulist":[
        0.049206495056735425,
        0.02471332122805625,
        0.01953293777746844,
        0.019754137396899976,
        0.016031375669520495,
        0.011733479873667048,
        0.010178864579711488,
        0.009733015939210126,
        0.009279199173479564,
        0.00894774000937952,
        0.008689061223974627,
        0.008708735570149983,
        0.008650646682143581,
        0.008652763634884927,
        0.008613157536439098,
        0.008605481716113438,
        0.008596869474628026,
        0.00859285471277802,
        0.008587268694205799,
        0.008583187193801784,
        0.008581549566215456,
        0.008576461229623,
        0.008574355013256412,
        0.008575393130546727,
        0.008570751524895746,
        0.008570138188293946,
        0.008566542945013245,
        0.00856664470459777,
        0.00856785579357859,
        0.008565495151933732,
        0.008566709665671931,
        0.00856206109548528,
        0.008562217897111188,
        0.008562025517861827,
        0.008559110935665757,
        0.008558978445512273,
        0.008558568131915002,
        0.008558438824010955,
        0.008558016731894215,
        0.00855806108751367,
        0.00855779806742722,
        0.00855760699513881,
        0.008557379272702495,
        0.008557297811778372,
        0.008557000787476643,
        0.00855684122734591,
        0.008556587494587058,
        0.0085565443482729,
        0.008556034120667348,
        0.008555994983379637
    ],
    "walltime":1017.5495328903198,
    "endouteriter":49,
    "lastvy":0.0003432340586690795,
    "lastvu":0.008555994983379637,
    "bestValidation_y":0.0003432340586690795,
    "bestValidation_u":0.008555994983379637
}