{
    "dataname":"1500points_1mu",
    "expname":"At4",
    "bw":100,
    "dw":100,
    "mu":1.0,
    "out_iter":50,
    "inner_iter":[
        400,
        400,
        400
    ],
    "stepsize":1,
    "decay_rate":1.0,
    "timelist":[
        19.31694006919861,
        38.86976718902588,
        58.60391616821289,
        78.35487794876099,
        97.95823526382446,
        117.84375023841858,
        137.94510316848755,
        158.00306105613708,
        178.40347504615784,
        198.75523924827576,
        218.79931902885437,
        238.7205982208252,
        258.60703706741333,
        278.6124060153961,
        298.5799312591553,
        318.3215260505676,
        338.26351022720337,
        358.19627714157104,
        377.95863604545593,
        397.69475626945496,
        417.7954261302948,
        437.5296902656555,
        457.29753017425537,
        477.0940742492676,
        496.9291400909424,
        517.026290178299,
        537.0005083084106,
        556.8846321105957,
        576.6694631576538,
        596.7009851932526,
        616.610992193222,
        636.4675703048706,
        656.5223681926727,
        676.335541009903,
        696.3117871284485,
        716.091762304306,
        735.7774422168732,
        755.6499280929565,
        775.479611158371,
        795.5617091655731,
        815.7932291030884,
        835.504791021347,
        855.4316301345825,
        875.2417569160461,
        896.9908311367035,
        918.6066739559174,
        938.7589771747589,
        958.6688311100006,
        978.764790058136,
        999.6592631340027
    ],
    "vylist":[
        0.04169336549874811,
        0.024356664915495728,
        0.02305096987850685,
        0.01912551527107013,
        0.018563821080961808,
        0.013409948644744391,
        0.012981716253610302,
        0.009204654205342652,
        0.009046745682288172,
        0.0064248069818609605,
        0.006373163044341388,
        0.004924046247876314,
        0.0047736961894162405,
        0.004037017847034147,
        0.00374027412370868,
        0.0032056373075474466,
        0.00281685806872072,
        0.002526470218241344,
        0.002259388139416599,
        0.0020592824553545626,
        0.001812992121532716,
        0.0016788087430151608,
        0.001587491956756252,
        0.0015411484220099886,
        0.001409374331472476,
        0.00137921078226265,
        0.001266010469932849,
        0.0012634081738754316,
        0.001165114416309473,
        0.0011425648264155848,
        0.0010657015076384804,
        0.0010710818452908672,
        0.0009831506606909788,
        0.0010264807210345385,
        0.0008600415482957647,
        0.0009270524355906553,
        0.0007987388238741908,
        0.000867807698114685,
        0.00078019508260158,
        0.0008315107383827878,
        0.000733379648905828,
        0.0007895146613472236,
        0.000703593426559745,
        0.0007515384974949114,
        0.0007093931409233386,
        0.0007082382880527881,
        0.0006355905235815838,
        0.0006442845452463397,
        0.0005976016442277888,
        0.0005986997494252629
    ],
    "vulist":[
        0.035196707142170644,
        0.02097705698028517,
        0.018458565759700903,
        0.016384811339663734,
        0.01380878762314644,
        0.01060839421316969,
        0.00920280315270333,
        0.008630947431393945,
        0.00790484271844272,
        0.007149091695032866,
        0.006749436870483305,
        0.00662137193101932,
        0.006402816474470197,
        0.006431858910875223,
        0.00634649692717365,
        0.006330457646907302,
        0.006300929804752539,
        0.006296305510282446,
        0.0062772032295556595,
        0.0062773627277679656,
        0.006262377082069515,
        0.006264296803482906,
        0.006253492595032856,
        0.006249224578892566,
        0.006243478505922511,
        0.0062409389860617346,
        0.006240331145081991,
        0.0062339671859592835,
        0.006231972152517474,
        0.006228513632912061,
        0.006238413988758806,
        0.006222084390205693,
        0.006223209622552276,
        0.006216764918608759,
        0.0062277001771369475,
        0.006215224551610003,
        0.006217427851716847,
        0.006212285491284824,
        0.006213813754633859,
        0.006211862458858199,
        0.006209537479566114,
        0.006210565730706066,
        0.006214564802927772,
        0.0062058918489888495,
        0.006204440082023755,
        0.006205442834244851,
        0.0062060679080062076,
        0.006203896419082058,
        0.0062030348322181595,
        0.006202071771199735
    ],
    "walltime":999.6773152351379,
    "endouteriter":49,
    "lastvy":0.0005986997494252629,
    "lastvu":0.006202071771199735,
    "bestValidation_y":0.0005976016442277888,
    "bestValidation_u":0.006202071771199735
}